date,original_label,navpu_value
2019-03-26,"Mar 26, 2019",100.0
2019-03-27,"Mar 27, 2019",99.919715
2019-03-28,"Mar 28, 2019",100.616282
2019-03-29,"Mar 29, 2019",100.465782
2019-04-01,"Apr 1, 2019",102.230901
2019-04-02,"Apr 2, 2019",103.295462
2019-04-03,"Apr 3, 2019",103.484894
2019-04-04,"Apr 4, 2019",103.86261
2019-04-05,"Apr 5, 2019",104.733596
2019-04-08,"Apr 8, 2019",105.025796
2019-04-10,"Apr 10, 2019",104.211386
2019-04-11,"Apr 11, 2019",104.967808
2019-04-12,"Apr 12, 2019",106.748336
2019-04-15,"Apr 15, 2019",106.13477
2019-04-16,"Apr 16, 2019",106.482513
2019-04-17,"Apr 17, 2019",107.907102
2019-04-22,"Apr 22, 2019",108.242542
2019-04-23,"Apr 23, 2019",107.282112
2019-04-24,"Apr 24, 2019",108.02049
2019-04-25,"Apr 25, 2019",106.19152
2019-04-26,"Apr 26, 2019",106.816901
2019-04-29,"Apr 29, 2019",108.27002
2019-04-30,"Apr 30, 2019",108.293523
2019-05-02,"May 2, 2019",107.83414
2019-05-03,"May 3, 2019",108.478063
2019-05-06,"May 6, 2019",107.078973
2019-05-07,"May 7, 2019",106.715402
2019-05-08,"May 8, 2019",106.591801
2019-05-09,"May 9, 2019",106.970521
2019-05-10,"May 10, 2019",105.824253
2019-05-14,"May 14, 2019",103.913378
2019-05-15,"May 15, 2019",103.418272
2019-05-16,"May 16, 2019",105.267274
2019-05-17,"May 17, 2019",104.92471
2019-05-20,"May 20, 2019",104.877666
2019-05-21,"May 21, 2019",105.54717
2019-05-22,"May 22, 2019",105.841902
2019-05-23,"May 23, 2019",103.833471
2019-05-24,"May 24, 2019",104.171261
2019-05-27,"May 27, 2019",104.470198
2019-05-28,"May 28, 2019",104.701076
2019-05-29,"May 29, 2019",102.521054
2019-05-30,"May 30, 2019",102.209529
2019-05-31,"May 31, 2019",101.331339
2019-06-03,"Jun 3, 2019",101.030914
2019-06-04,"Jun 4, 2019",102.292868
2019-06-06,"Jun 6, 2019",103.096525
2019-06-07,"Jun 7, 2019",104.86819
2019-06-10,"Jun 10, 2019",104.975104
2019-06-11,"Jun 11, 2019",106.501895
2019-06-13,"Jun 13, 2019",105.602383
2019-06-14,"Jun 14, 2019",104.800351
2019-06-17,"Jun 17, 2019",105.331883
2019-06-18,"Jun 18, 2019",105.904896
2019-06-19,"Jun 19, 2019",106.142066
2019-06-20,"Jun 20, 2019",106.121006
2019-06-21,"Jun 21, 2019",106.11157
2019-06-24,"Jun 24, 2019",105.844588
2019-06-25,"Jun 25, 2019",104.007693
2019-06-26,"Jun 26, 2019",104.70882
2019-06-27,"Jun 27, 2019",104.971037
2019-06-28,"Jun 28, 2019",105.739818
2019-07-01,"Jul 1, 2019",106.822441
2019-07-02,"Jul 2, 2019",106.183153
2019-07-03,"Jul 3, 2019",106.895617
2019-07-04,"Jul 4, 2019",107.227451
2019-07-05,"Jul 5, 2019",107.790981
2019-07-08,"Jul 8, 2019",107.276029
2019-07-09,"Jul 9, 2019",107.142781
2019-07-10,"Jul 10, 2019",108.026844
2019-07-11,"Jul 11, 2019",107.178168
2019-07-12,"Jul 12, 2019",107.447815
2019-07-15,"Jul 15, 2019",107.017389
2019-07-16,"Jul 16, 2019",106.531764
2019-07-17,"Jul 17, 2019",106.62154
2019-07-18,"Jul 18, 2019",106.109686
2019-07-19,"Jul 19, 2019",106.609648
2019-07-22,"Jul 22, 2019",106.017229
2019-07-23,"Jul 23, 2019",106.596619
2019-07-24,"Jul 24, 2019",106.895346
2019-07-25,"Jul 25, 2019",107.228225
2019-07-26,"Jul 26, 2019",107.652281
2019-07-29,"Jul 29, 2019",107.930291
2019-07-30,"Jul 30, 2019",106.756114
2019-07-31,"Jul 31, 2019",107.613972
2019-08-01,"Aug 1, 2019",107.459168
2019-08-02,"Aug 2, 2019",104.695859
2019-08-05,"Aug 5, 2019",102.953025
2019-08-06,"Aug 6, 2019",103.308472
2019-08-07,"Aug 7, 2019",102.64272
2019-08-08,"Aug 8, 2019",103.272356
2019-08-09,"Aug 9, 2019",102.841871
2019-08-13,"Aug 13, 2019",102.13173
2019-08-14,"Aug 14, 2019",99.663333
2019-08-15,"Aug 15, 2019",100.147591
2019-08-16,"Aug 16, 2019",99.592381
2019-08-19,"Aug 19, 2019",101.301701
2019-08-20,"Aug 20, 2019",100.144293
2019-08-22,"Aug 22, 2019",101.305233
2019-08-23,"Aug 23, 2019",100.827164
2019-08-27,"Aug 27, 2019",100.11994
2019-08-28,"Aug 28, 2019",99.256113
2019-08-29,"Aug 29, 2019",100.043277
2019-08-30,"Aug 30, 2019",100.91493
2019-09-02,"Sep 2, 2019",100.723011
2019-09-03,"Sep 3, 2019",100.307872
2019-09-04,"Sep 4, 2019",100.477178
2019-09-05,"Sep 5, 2019",102.733016
2019-09-06,"Sep 6, 2019",102.560924
2019-09-09,"Sep 9, 2019",103.468026
2019-09-10,"Sep 10, 2019",104.280574
2019-09-11,"Sep 11, 2019",105.041775
2019-09-12,"Sep 12, 2019",105.116845
2019-09-13,"Sep 13, 2019",106.478565
2019-09-16,"Sep 16, 2019",106.701813
2019-09-17,"Sep 17, 2019",105.551336
2019-09-18,"Sep 18, 2019",105.827204
2019-09-19,"Sep 19, 2019",106.180617
2019-09-20,"Sep 20, 2019",105.714083
2019-09-23,"Sep 23, 2019",105.065636
2019-09-24,"Sep 24, 2019",105.608225
2019-09-25,"Sep 25, 2019",103.786606
2019-09-26,"Sep 26, 2019",105.260179
2019-09-27,"Sep 27, 2019",104.293134
2019-09-30,"Sep 30, 2019",103.413092
2019-10-01,"Oct 1, 2019",103.382825
2019-10-02,"Oct 2, 2019",100.039299
2019-10-03,"Oct 3, 2019",99.535966
2019-10-04,"Oct 4, 2019",99.558818
2019-10-07,"Oct 7, 2019",100.539577
2019-10-08,"Oct 8, 2019",98.634296
2019-10-09,"Oct 9, 2019",98.871395
2019-10-10,"Oct 10, 2019",99.930043
2019-10-11,"Oct 11, 2019",102.59784
2019-10-14,"Oct 14, 2019",101.742045
2019-10-15,"Oct 15, 2019",102.015577
2019-10-16,"Oct 16, 2019",103.047525
2019-10-17,"Oct 17, 2019",103.649141
2019-10-18,"Oct 18, 2019",103.544525
2019-10-21,"Oct 21, 2019",104.435903
2019-10-22,"Oct 22, 2019",104.477898
2019-10-23,"Oct 23, 2019",104.451738
2019-10-24,"Oct 24, 2019",105.437655
2019-10-25,"Oct 25, 2019",105.040536
2019-10-28,"Oct 28, 2019",105.799081
2019-10-29,"Oct 29, 2019",106.328134
2019-10-30,"Oct 30, 2019",104.744821
2019-10-31,"Oct 31, 2019",104.12276
2019-11-04,"Nov 4, 2019",106.68704
2019-11-05,"Nov 5, 2019",106.856392
2019-11-06,"Nov 6, 2019",106.919967
2019-11-07,"Nov 7, 2019",108.011704
2019-11-08,"Nov 8, 2019",107.226317
2019-11-11,"Nov 11, 2019",108.42551
2019-11-12,"Nov 12, 2019",108.625456
2019-11-13,"Nov 13, 2019",107.512075
2019-11-14,"Nov 14, 2019",107.21748
2019-11-15,"Nov 15, 2019",107.880495
2019-11-18,"Nov 18, 2019",107.558898
2019-11-19,"Nov 19, 2019",108.42997
2019-11-20,"Nov 20, 2019",107.756322
2019-11-21,"Nov 21, 2019",107.787423
2019-11-22,"Nov 22, 2019",107.945486
2019-11-25,"Nov 25, 2019",108.372559
2019-11-26,"Nov 26, 2019",108.902173
2019-11-27,"Nov 27, 2019",109.201608
2019-11-28,"Nov 28, 2019",109.401493
2019-11-29,"Nov 29, 2019",109.48678
2019-12-02,"Dec 2, 2019",110.539709
2019-12-03,"Dec 3, 2019",107.68817
2019-12-04,"Dec 4, 2019",109.247807
2019-12-05,"Dec 5, 2019",109.39471
2019-12-06,"Dec 6, 2019",110.366434
2019-12-09,"Dec 9, 2019",110.04989
2019-12-10,"Dec 10, 2019",109.649212
2019-12-11,"Dec 11, 2019",110.17006
2019-12-12,"Dec 12, 2019",111.684141
2019-12-13,"Dec 13, 2019",112.965902
2019-12-16,"Dec 16, 2019",113.459502
2019-12-17,"Dec 17, 2019",113.071828
2019-12-18,"Dec 18, 2019",113.818745
2019-12-19,"Dec 19, 2019",113.660128
2019-12-20,"Dec 20, 2019",114.421042
2019-12-23,"Dec 23, 2019",114.379809
2019-12-26,"Dec 26, 2019",114.357324
2019-12-27,"Dec 27, 2019",114.949903
2020-01-01,"Jan 1, 2020",114.949903
2020-01-02,"Jan 2, 2020",116.102911
2020-01-03,"Jan 3, 2020",115.968435
2020-01-04,"Jan 4, 2020",115.968435
2020-01-05,"Jan 5, 2020",115.968435
2020-01-06,"Jan 6, 2020",114.157427
2020-01-07,"Jan 7, 2020",114.103821
2020-01-08,"Jan 8, 2020",114.021926
2020-01-09,"Jan 9, 2020",115.407867
2020-01-10,"Jan 10, 2020",115.640166
2020-01-11,"Jan 11, 2020",115.640166
2020-01-12,"Jan 12, 2020",115.640166
2020-01-13,"Jan 13, 2020",115.640166
2020-01-14,"Jan 14, 2020",115.351891
2020-01-15,"Jan 15, 2020",114.978765
2020-01-16,"Jan 16, 2020",115.308365
2020-01-17,"Jan 17, 2020",116.622116
2020-01-18,"Jan 18, 2020",116.622116
2020-01-19,"Jan 19, 2020",116.622116
2020-01-20,"Jan 20, 2020",116.559865
2020-01-21,"Jan 21, 2020",115.675622
2020-01-22,"Jan 22, 2020",115.583832
2020-01-23,"Jan 23, 2020",114.846037
2020-01-24,"Jan 24, 2020",114.337475
2020-01-25,"Jan 25, 2020",114.337475
2020-01-26,"Jan 26, 2020",114.337475
2020-01-27,"Jan 27, 2020",110.518818
2020-01-28,"Jan 28, 2020",111.503888
2020-01-29,"Jan 29, 2020",112.407967
2020-01-30,"Jan 30, 2020",111.642515
2020-01-31,"Jan 31, 2020",111.179384
2020-02-01,"Feb 1, 2020",111.179384
2020-02-02,"Feb 2, 2020",111.179384
2020-02-03,"Feb 3, 2020",110.964312
2020-02-04,"Feb 4, 2020",112.933052
2020-02-05,"Feb 5, 2020",114.60288
2020-02-06,"Feb 6, 2020",115.008997
2020-02-07,"Feb 7, 2020",113.948542
2020-02-08,"Feb 8, 2020",113.948542
2020-02-09,"Feb 9, 2020",113.948542
2020-02-10,"Feb 10, 2020",114.108841
2020-02-11,"Feb 11, 2020",115.493859
2020-02-12,"Feb 12, 2020",116.318536
2020-02-13,"Feb 13, 2020",115.029186
2020-02-14,"Feb 14, 2020",114.987345
2020-02-15,"Feb 15, 2020",114.987345
2020-02-16,"Feb 16, 2020",114.987345
2020-02-17,"Feb 17, 2020",115.251367
2020-02-18,"Feb 18, 2020",115.048515
2020-02-19,"Feb 19, 2020",114.903105
2020-02-20,"Feb 20, 2020",115.226918
2020-02-21,"Feb 21, 2020",115.196874
2020-02-22,"Feb 22, 2020",115.196874
2020-02-23,"Feb 23, 2020",115.196874
2020-02-24,"Feb 24, 2020",111.734211
2020-02-25,"Feb 25, 2020",111.734211
2020-02-26,"Feb 26, 2020",108.293487
2020-02-27,"Feb 27, 2020",103.759174
2020-02-28,"Feb 28, 2020",100.327823
2020-02-29,"Feb 29, 2020",100.327823
2020-03-01,"Mar 1, 2020",100.327823
2020-03-02,"Mar 2, 2020",100.447813
2020-03-03,"Mar 3, 2020",102.485051
2020-03-04,"Mar 4, 2020",100.643636
2020-03-05,"Mar 5, 2020",99.283505
2020-03-06,"Mar 6, 2020",96.035057
2020-03-07,"Mar 7, 2020",96.035057
2020-03-08,"Mar 8, 2020",96.035057
2020-03-09,"Mar 9, 2020",87.826234
2020-03-10,"Mar 10, 2020",87.502689
2020-03-11,"Mar 11, 2020",85.669154
2020-03-12,"Mar 12, 2020",76.51421
2020-03-13,"Mar 13, 2020",78.463921
2020-03-14,"Mar 14, 2020",78.463921
2020-03-15,"Mar 15, 2020",78.463921
2020-03-16,"Mar 16, 2020",73.658643
2020-03-18,"Mar 18, 2020",66.347367
2020-03-19,"Mar 19, 2020",65.492289
2020-03-20,"Mar 20, 2020",68.247866
2020-03-21,"Mar 21, 2020",68.247866
2020-03-22,"Mar 22, 2020",68.247866
2020-03-23,"Mar 23, 2020",63.07359
2020-03-24,"Mar 24, 2020",67.421299
2020-03-25,"Mar 25, 2020",71.874586
2020-03-26,"Mar 26, 2020",76.58121
2020-03-27,"Mar 27, 2020",73.777082
2020-03-28,"Mar 28, 2020",73.777082
2020-03-29,"Mar 29, 2020",73.777082
2020-03-30,"Mar 30, 2020",72.738609
2020-03-31,"Mar 31, 2020",73.169062
2020-04-01,"Apr 1, 2020",70.027393
2020-04-02,"Apr 2, 2020",68.63233
2020-04-03,"Apr 3, 2020",68.399708
2020-04-04,"Apr 4, 2020",68.399708
2020-04-05,"Apr 5, 2020",68.399708
2020-04-06,"Apr 6, 2020",71.83105
2020-04-07,"Apr 7, 2020",77.147959
2020-04-08,"Apr 8, 2020",74.107474
2020-04-09,"Apr 9, 2020",74.107474
2020-04-10,"Apr 10, 2020",74.107474
2020-04-11,"Apr 11, 2020",74.107474
2020-04-12,"Apr 12, 2020",74.107474
2020-04-13,"Apr 13, 2020",79.478849
2020-04-14,"Apr 14, 2020",78.59441
2020-04-15,"Apr 15, 2020",74.339932
2020-04-16,"Apr 16, 2020",73.220965
2020-04-17,"Apr 17, 2020",77.358423
2020-04-18,"Apr 18, 2020",77.358423
2020-04-19,"Apr 19, 2020",77.358423
2020-04-20,"Apr 20, 2020",76.146781
2020-04-21,"Apr 21, 2020",74.536048
2020-04-22,"Apr 22, 2020",74.199173
2020-04-23,"Apr 23, 2020",74.71764
2020-04-24,"Apr 24, 2020",74.777446
2020-04-25,"Apr 25, 2020",74.777446
2020-04-26,"Apr 26, 2020",74.777446
2020-04-27,"Apr 27, 2020",75.935471
2020-04-28,"Apr 28, 2020",79.699561
2020-04-29,"Apr 29, 2020",81.199012
2020-04-30,"Apr 30, 2020",80.615669
2020-05-01,"May 1, 2020",80.615669
2020-05-02,"May 2, 2020",80.615669
2020-05-03,"May 3, 2020",80.615669
2020-05-04,"May 4, 2020",76.277542
2020-05-05,"May 5, 2020",78.306835
2020-05-06,"May 6, 2020",76.330042
2020-05-07,"May 7, 2020",78.109011
2020-05-08,"May 8, 2020",79.163024
2020-05-09,"May 9, 2020",79.163024
2020-05-10,"May 10, 2020",79.163024
2020-05-11,"May 11, 2020",78.398333
2020-05-12,"May 12, 2020",78.413094
2020-05-13,"May 13, 2020",76.099336
2020-05-14,"May 14, 2020",72.246175
2020-05-15,"May 15, 2020",76.148238
2020-05-16,"May 16, 2020",76.148238
2020-05-17,"May 17, 2020",76.148238
2020-05-18,"May 18, 2020",79.3476
2020-05-19,"May 19, 2020",79.077114
2020-05-20,"May 20, 2020",80.090135
2020-05-21,"May 21, 2020",80.036316
2020-05-22,"May 22, 2020",79.957232
2020-05-23,"May 23, 2020",79.957232
2020-05-24,"May 24, 2020",79.957232
2020-05-25,"May 25, 2020",79.957232
2020-05-26,"May 26, 2020",83.500742
2020-05-27,"May 27, 2020",85.562542
2020-05-28,"May 28, 2020",86.488009
2020-05-29,"May 29, 2020",85.082051
2020-05-30,"May 30, 2020",85.082051
2020-05-31,"May 31, 2020",85.082051
2020-06-01,"Jun 1, 2020",84.600728
2020-06-02,"Jun 2, 2020",89.149231
2020-06-03,"Jun 3, 2020",91.641459
2020-06-04,"Jun 4, 2020",92.17805
2020-06-05,"Jun 5, 2020",96.136733
2020-06-06,"Jun 6, 2020",96.136733
2020-06-07,"Jun 7, 2020",96.136733
2020-06-08,"Jun 8, 2020",98.042926
2020-06-09,"Jun 9, 2020",96.276981
2020-06-10,"Jun 10, 2020",95.442952
2020-06-11,"Jun 11, 2020",91.417739
2020-06-12,"Jun 12, 2020",91.417739
2020-06-13,"Jun 13, 2020",91.417739
2020-06-14,"Jun 14, 2020",91.417739
2020-06-15,"Jun 15, 2020",88.835552
2020-06-16,"Jun 16, 2020",93.842787
2020-06-17,"Jun 17, 2020",92.729607
2020-06-18,"Jun 18, 2020",90.793513
2020-06-19,"Jun 19, 2020",91.923172
2020-06-20,"Jun 20, 2020",91.923172
2020-06-21,"Jun 21, 2020",91.923172
2020-06-22,"Jun 22, 2020",90.73722
2020-06-23,"Jun 23, 2020",90.825539
2020-06-24,"Jun 24, 2020",89.018989
2020-06-25,"Jun 25, 2020",88.253546
2020-06-26,"Jun 26, 2020",88.113296
2020-06-27,"Jun 27, 2020",88.113296
2020-06-28,"Jun 28, 2020",88.113296
2020-06-29,"Jun 29, 2020",86.998956
2020-06-30,"Jun 30, 2020",87.063177
2020-07-01,"Jul 1, 2020",88.258405
2020-07-02,"Jul 2, 2020",90.129238
2020-07-03,"Jul 3, 2020",88.956824
2020-07-04,"Jul 4, 2020",88.956824
2020-07-05,"Jul 5, 2020",88.956824
2020-07-06,"Jul 6, 2020",92.967341
2020-07-07,"Jul 7, 2020",92.340778
2020-07-08,"Jul 8, 2020",92.4595
2020-07-09,"Jul 9, 2020",92.03032
2020-07-10,"Jul 10, 2020",92.202548
2020-07-11,"Jul 11, 2020",92.202548
2020-07-12,"Jul 12, 2020",92.202548
2020-07-13,"Jul 13, 2020",93.904276
2020-07-14,"Jul 14, 2020",92.557302
2020-07-15,"Jul 15, 2020",94.383694
2020-07-16,"Jul 16, 2020",94.482604
2020-07-17,"Jul 17, 2020",93.88137
2020-07-18,"Jul 18, 2020",93.88137
2020-07-19,"Jul 19, 2020",93.88137
2020-07-20,"Jul 20, 2020",93.475773
2020-07-21,"Jul 21, 2020",95.392834
2020-07-22,"Jul 22, 2020",95.069222
2020-07-23,"Jul 23, 2020",95.229501
2020-07-24,"Jul 24, 2020",93.457514
2020-07-25,"Jul 25, 2020",93.457514
2020-07-26,"Jul 26, 2020",93.457514
2020-07-27,"Jul 27, 2020",92.632284
2020-07-28,"Jul 28, 2020",92.837947
2020-07-29,"Jul 29, 2020",92.764715
2020-07-30,"Jul 30, 2020",90.564905
2020-07-31,"Jul 31, 2020",90.564905
2020-08-01,"Aug 1, 2020",90.564905
2020-08-02,"Aug 2, 2020",90.564905
2020-08-03,"Aug 3, 2020",90.851366
2020-08-04,"Aug 4, 2020",92.345772
2020-08-05,"Aug 5, 2020",93.776311
2020-08-06,"Aug 6, 2020",93.585974
2020-08-07,"Aug 7, 2020",93.004378
2020-08-08,"Aug 8, 2020",93.004378
2020-08-09,"Aug 9, 2020",93.004378
2020-08-10,"Aug 10, 2020",95.304467
2020-08-11,"Aug 11, 2020",95.97452
2020-08-12,"Aug 12, 2020",95.590823
2020-08-13,"Aug 13, 2020",95.151038
2020-08-14,"Aug 14, 2020",94.199917
2020-08-15,"Aug 15, 2020",94.199917
2020-08-16,"Aug 16, 2020",94.199917
2020-08-17,"Aug 17, 2020",94.233
2020-08-18,"Aug 18, 2020",93.790192
2020-08-19,"Aug 19, 2020",93.833822
2020-08-20,"Aug 20, 2020",92.494889
2020-08-21,"Aug 21, 2020",92.494889
2020-08-22,"Aug 22, 2020",92.494889
2020-08-23,"Aug 23, 2020",92.494889
2020-08-24,"Aug 24, 2020",93.043443
2020-08-25,"Aug 25, 2020",94.139746
2020-08-26,"Aug 26, 2020",94.177518
2020-08-27,"Aug 27, 2020",95.121815
2020-08-28,"Aug 28, 2020",95.711576
2020-08-29,"Aug 29, 2020",95.711576
2020-08-30,"Aug 30, 2020",95.711576
2020-08-31,"Aug 31, 2020",95.711576
2020-09-01,"Sep 1, 2020",94.373776
2020-09-02,"Sep 2, 2020",94.612029
2020-09-03,"Sep 3, 2020",95.689276
2020-09-04,"Sep 4, 2020",94.075631
2020-09-05,"Sep 5, 2020",94.075631
2020-09-06,"Sep 6, 2020",94.075631
2020-09-07,"Sep 7, 2020",93.889899
2020-09-08,"Sep 8, 2020",91.934422
2020-09-09,"Sep 9, 2020",92.435968
2020-09-10,"Sep 10, 2020",93.541293
2020-09-11,"Sep 11, 2020",91.335938
2020-09-12,"Sep 12, 2020",91.335938
2020-09-13,"Sep 13, 2020",91.335938
2020-09-14,"Sep 14, 2020",92.462933
2020-09-15,"Sep 15, 2020",92.010906
2020-09-16,"Sep 16, 2020",91.982056
2020-09-17,"Sep 17, 2020",91.658793
2020-09-18,"Sep 18, 2020",91.825709
2020-09-19,"Sep 19, 2020",91.825709
2020-09-20,"Sep 20, 2020",91.825709
2020-09-21,"Sep 21, 2020",88.91562
2020-09-22,"Sep 22, 2020",88.46062
2020-09-23,"Sep 23, 2020",88.547828
2020-09-24,"Sep 24, 2020",86.440759
2020-09-25,"Sep 25, 2020",86.770564
2020-09-26,"Sep 26, 2020",86.770564
2020-09-27,"Sep 27, 2020",86.770564
2020-09-28,"Sep 28, 2020",89.15438
2020-09-29,"Sep 29, 2020",88.899218
2020-09-30,"Sep 30, 2020",89.260901
2020-10-01,"Oct 1, 2020",90.131123
2020-10-02,"Oct 2, 2020",89.666539
2020-10-03,"Oct 3, 2020",89.666539
2020-10-04,"Oct 4, 2020",89.666539
2020-10-05,"Oct 5, 2020",91.9795
2020-10-06,"Oct 6, 2020",93.726365
2020-10-07,"Oct 7, 2020",93.503229
2020-10-08,"Oct 8, 2020",93.954191
2020-10-09,"Oct 9, 2020",94.822794
2020-10-10,"Oct 10, 2020",94.822794
2020-10-11,"Oct 11, 2020",94.822794
2020-10-12,"Oct 12, 2020",95.865723
2020-10-13,"Oct 13, 2020",95.333846
2020-10-14,"Oct 14, 2020",95.522243
2020-10-15,"Oct 15, 2020",93.321084
2020-10-16,"Oct 16, 2020",94.396574
2020-10-17,"Oct 17, 2020",94.396574
2020-10-18,"Oct 18, 2020",94.396574
2020-10-19,"Oct 19, 2020",96.289478
2020-10-20,"Oct 20, 2020",96.431989
2020-10-21,"Oct 21, 2020",95.704018
2020-10-22,"Oct 22, 2020",94.86433
2020-10-23,"Oct 23, 2020",95.823576
2020-10-24,"Oct 24, 2020",95.823576
2020-10-25,"Oct 25, 2020",95.823576
2020-10-26,"Oct 26, 2020",93.630872
2020-10-27,"Oct 27, 2020",92.547981
2020-10-28,"Oct 28, 2020",89.211206
2020-10-29,"Oct 29, 2020",89.341884
2020-10-30,"Oct 30, 2020",88.490443
2020-10-31,"Oct 31, 2020",88.490443
2020-11-01,"Nov 1, 2020",88.490443
2020-11-02,"Nov 2, 2020",88.490443
2020-11-03,"Nov 3, 2020",93.752305
2020-11-04,"Nov 4, 2020",93.975026
2020-11-05,"Nov 5, 2020",96.421416
2020-11-06,"Nov 6, 2020",96.465105
2020-11-07,"Nov 7, 2020",96.465105
2020-11-08,"Nov 8, 2020",96.465105
2020-11-09,"Nov 9, 2020",103.808341
2020-11-10,"Nov 10, 2020",105.939374
2020-11-11,"Nov 11, 2020",105.121664
2020-11-12,"Nov 12, 2020",105.121664
2020-11-13,"Nov 13, 2020",104.497416
2020-11-14,"Nov 14, 2020",104.497416
2020-11-15,"Nov 15, 2020",104.497416
2020-11-16,"Nov 16, 2020",108.29718
2020-11-17,"Nov 17, 2020",106.807786
2020-11-18,"Nov 18, 2020",109.496298
2020-11-19,"Nov 19, 2020",108.402291
2020-11-20,"Nov 20, 2020",108.520095
2020-11-21,"Nov 21, 2020",108.520095
2020-11-22,"Nov 22, 2020",108.520095
2020-11-23,"Nov 23, 2020",109.584817
2020-11-24,"Nov 24, 2020",112.099214
2020-11-25,"Nov 25, 2020",111.764634
2020-11-26,"Nov 26, 2020",112.080841
2020-11-27,"Nov 27, 2020",111.969521
2020-11-28,"Nov 28, 2020",111.969521
2020-11-29,"Nov 29, 2020",111.969521
2020-11-30,"Nov 30, 2020",111.969521
2020-12-01,"Dec 1, 2020",112.4936
2020-12-02,"Dec 2, 2020",112.488458
2020-12-03,"Dec 3, 2020",114.219216
2020-12-04,"Dec 4, 2020",115.839198
2020-12-05,"Dec 5, 2020",115.839198
2020-12-06,"Dec 6, 2020",115.839198
2020-12-07,"Dec 7, 2020",116.198954
2020-12-08,"Dec 8, 2020",116.198954
2020-12-09,"Dec 9, 2020",116.848871
2020-12-10,"Dec 10, 2020",115.327739
2020-12-11,"Dec 11, 2020",115.448962
2020-12-12,"Dec 12, 2020",115.448962
2020-12-13,"Dec 13, 2020",115.448962
2020-12-14,"Dec 14, 2020",116.034319
2020-12-15,"Dec 15, 2020",115.058695
2020-12-16,"Dec 16, 2020",116.474099
2020-12-17,"Dec 17, 2020",117.493944
2020-12-18,"Dec 18, 2020",116.932177
2020-12-19,"Dec 19, 2020",116.932177
2020-12-20,"Dec 20, 2020",116.932177
2020-12-21,"Dec 21, 2020",115.251827
2020-12-22,"Dec 22, 2020",116.02075
2020-12-23,"Dec 23, 2020",117.306371
2020-12-24,"Dec 24, 2020",117.306371
2020-12-25,"Dec 25, 2020",117.306371
2020-12-26,"Dec 26, 2020",117.306371
2020-12-27,"Dec 27, 2020",117.306371
2020-12-28,"Dec 28, 2020",119.370881
2020-12-29,"Dec 29, 2020",119.394523
2020-12-30,"Dec 30, 2020",119.394523
2020-12-31,"Dec 31, 2020",119.394523
2021-01-01,"Jan 1, 2021",119.394523
2021-01-02,"Jan 2, 2021",119.394523
2021-01-03,"Jan 3, 2021",119.394523
2021-01-04,"Jan 4, 2021",120.00345
2021-01-05,"Jan 5, 2021",118.940426
2021-01-06,"Jan 6, 2021",122.139699
2021-01-07,"Jan 7, 2021",124.720472
2021-01-08,"Jan 8, 2021",124.244998
2021-01-09,"Jan 9, 2021",124.244998
2021-01-10,"Jan 10, 2021",124.244998
2021-01-11,"Jan 11, 2021",123.184215
2021-01-12,"Jan 12, 2021",123.670423
2021-01-13,"Jan 13, 2021",124.089347
2021-01-14,"Jan 14, 2021",124.895883
2021-01-15,"Jan 15, 2021",123.413661
2021-01-16,"Jan 16, 2021",123.413661
2021-01-17,"Jan 17, 2021",123.413661
2021-01-18,"Jan 18, 2021",123.102563
2021-01-19,"Jan 19, 2021",123.835125
2021-01-20,"Jan 20, 2021",124.129628
2021-01-21,"Jan 21, 2021",123.596527
2021-01-22,"Jan 22, 2021",121.62655
2021-01-23,"Jan 23, 2021",121.62655
2021-01-24,"Jan 24, 2021",121.62655
2021-01-25,"Jan 25, 2021",120.526882
2021-01-26,"Jan 26, 2021",119.932877
2021-01-27,"Jan 27, 2021",115.748142
2021-01-28,"Jan 28, 2021",115.932884
2021-01-29,"Jan 29, 2021",115.46779
2021-01-30,"Jan 30, 2021",115.46779
2021-01-31,"Jan 31, 2021",115.46779
2021-02-01,"Feb 1, 2021",115.600874
2021-02-02,"Feb 2, 2021",118.478957
2021-02-03,"Feb 3, 2021",119.742316
2021-02-04,"Feb 4, 2021",122.257265
2021-02-05,"Feb 5, 2021",123.762642
2021-02-06,"Feb 6, 2021",123.762642
2021-02-07,"Feb 7, 2021",123.762642
2021-02-08,"Feb 8, 2021",125.517016
2021-02-09,"Feb 9, 2021",125.55211
2021-02-10,"Feb 10, 2021",126.453387
2021-02-11,"Feb 11, 2021",126.445817
2021-02-12,"Feb 12, 2021",126.445817
2021-02-13,"Feb 13, 2021",126.445817
2021-02-14,"Feb 14, 2021",126.445817
2021-02-15,"Feb 15, 2021",127.684665
2021-02-16,"Feb 16, 2021",129.089865
2021-02-17,"Feb 17, 2021",129.467211
2021-02-18,"Feb 18, 2021",128.816286
2021-02-19,"Feb 19, 2021",129.412264
2021-02-20,"Feb 20, 2021",129.412264
2021-02-21,"Feb 21, 2021",129.412264
2021-02-22,"Feb 22, 2021",130.239673
2021-02-23,"Feb 23, 2021",129.462955
2021-02-24,"Feb 24, 2021",131.850761
2021-02-25,"Feb 25, 2021",131.850761
2021-02-26,"Feb 26, 2021",129.295545
2021-03-01,"Mar 1, 2021",131.564305
2021-03-02,"Mar 2, 2021",132.096114
2021-03-03,"Mar 3, 2021",132.318708
2021-03-04,"Mar 4, 2021",132.243289
2021-03-05,"Mar 5, 2021",129.986211
2021-03-06,"Mar 6, 2021",129.986211
2021-03-07,"Mar 7, 2021",129.986211
2021-03-08,"Mar 8, 2021",131.929318
2021-03-09,"Mar 9, 2021",131.50593
2021-03-10,"Mar 10, 2021",133.923502
2021-03-11,"Mar 11, 2021",135.119033
2021-03-12,"Mar 12, 2021",136.439309
2021-03-13,"Mar 13, 2021",136.439309
2021-03-14,"Mar 14, 2021",136.439309
2021-03-15,"Mar 15, 2021",136.567291
2021-03-16,"Mar 16, 2021",136.0006
2021-03-17,"Mar 17, 2021",135.106619
2021-03-18,"Mar 18, 2021",137.402582
2021-03-19,"Mar 19, 2021",134.616242
2021-03-20,"Mar 20, 2021",134.616242
2021-03-21,"Mar 21, 2021",134.616242
2021-03-22,"Mar 22, 2021",132.799826
2021-03-23,"Mar 23, 2021",131.718373
2021-03-24,"Mar 24, 2021",132.261004
2021-03-25,"Mar 25, 2021",128.843578
2021-03-26,"Mar 26, 2021",132.305555
2021-03-27,"Mar 27, 2021",132.305555
2021-03-28,"Mar 28, 2021",132.305555
2021-03-29,"Mar 29, 2021",131.085963
2021-03-30,"Mar 30, 2021",132.17156
2021-03-31,"Mar 31, 2021",132.229644
2021-04-01,"Apr 1, 2021",132.229644
2021-04-02,"Apr 2, 2021",132.229644
2021-04-03,"Apr 3, 2021",132.229644
2021-04-04,"Apr 4, 2021",132.229644
2021-04-05,"Apr 5, 2021",132.959394
2021-04-06,"Apr 6, 2021",135.120046
2021-04-07,"Apr 7, 2021",134.811258
2021-04-08,"Apr 8, 2021",133.619918
2021-04-09,"Apr 9, 2021",133.619918
2021-04-10,"Apr 10, 2021",133.619918
2021-04-11,"Apr 11, 2021",133.619918
2021-04-12,"Apr 12, 2021",135.360247
2021-04-13,"Apr 13, 2021",134.276519
2021-04-14,"Apr 14, 2021",135.595698
2021-04-15,"Apr 15, 2021",134.957366
2021-04-16,"Apr 16, 2021",136.126643
2021-04-17,"Apr 17, 2021",136.126643
2021-04-18,"Apr 18, 2021",136.126643
2021-04-19,"Apr 19, 2021",136.346217
2021-04-20,"Apr 20, 2021",134.00944
2021-04-21,"Apr 21, 2021",133.023326
2021-04-22,"Apr 22, 2021",134.148574
2021-04-23,"Apr 23, 2021",134.580053
2021-04-24,"Apr 24, 2021",134.580053
2021-04-25,"Apr 25, 2021",134.580053
2021-04-26,"Apr 26, 2021",138.14273
2021-04-27,"Apr 27, 2021",137.776537
2021-04-28,"Apr 28, 2021",139.188522
2021-04-29,"Apr 29, 2021",140.415571
2021-04-30,"Apr 30, 2021",139.542633
2021-05-01,"May 1, 2021",139.542633
2021-05-02,"May 2, 2021",139.542633
2021-05-03,"May 3, 2021",139.395718
2021-05-04,"May 4, 2021",137.509481
2021-05-05,"May 5, 2021",138.918827
2021-05-06,"May 6, 2021",138.873023
2021-05-07,"May 7, 2021",139.98094
2021-05-08,"May 8, 2021",139.98094
2021-05-09,"May 9, 2021",139.98094
2021-05-10,"May 10, 2021",142.038707
2021-05-11,"May 11, 2021",139.527609
2021-05-12,"May 12, 2021",137.795524
2021-05-13,"May 13, 2021",137.795524
2021-05-14,"May 14, 2021",139.147564
2021-05-15,"May 15, 2021",139.147564
2021-05-16,"May 16, 2021",139.147564
2021-05-17,"May 17, 2021",138.931205
2021-05-18,"May 18, 2021",141.070507
2021-05-19,"May 19, 2021",137.181123
2021-05-20,"May 20, 2021",138.999794
2021-05-21,"May 21, 2021",140.746824
2021-05-22,"May 22, 2021",140.746824
2021-05-23,"May 23, 2021",140.746824
2021-05-24,"May 24, 2021",141.103975
2021-05-25,"May 25, 2021",141.501031
2021-05-26,"May 26, 2021",140.031893
2021-05-27,"May 27, 2021",141.900458
2021-05-28,"May 28, 2021",141.593571
2021-05-29,"May 29, 2021",141.593571
2021-05-30,"May 30, 2021",141.593571
2021-05-31,"May 31, 2021",141.113923
2021-06-01,"Jun 1, 2021",142.791693
2021-06-02,"Jun 2, 2021",143.55561
2021-06-03,"Jun 3, 2021",142.864408
2021-06-04,"Jun 4, 2021",142.673686
2021-06-05,"Jun 5, 2021",142.673686
2021-06-06,"Jun 6, 2021",142.673686
2021-06-07,"Jun 7, 2021",143.30479
2021-06-08,"Jun 8, 2021",141.945663
2021-06-09,"Jun 9, 2021",141.308702
2021-06-10,"Jun 10, 2021",141.606799
2021-06-11,"Jun 11, 2021",140.506534
2021-06-12,"Jun 12, 2021",140.506534
2021-06-13,"Jun 13, 2021",140.506534
2021-06-14,"Jun 14, 2021",140.838432
2021-06-15,"Jun 15, 2021",140.487859
2021-06-16,"Jun 16, 2021",140.036647
2021-06-17,"Jun 17, 2021",140.707029
2021-06-18,"Jun 18, 2021",135.381746
2021-06-19,"Jun 19, 2021",135.381746
2021-06-20,"Jun 20, 2021",135.381746
2021-06-21,"Jun 21, 2021",136.356794
2021-06-22,"Jun 22, 2021",136.692989
2021-06-23,"Jun 23, 2021",136.981485
2021-06-24,"Jun 24, 2021",138.785522
2021-06-25,"Jun 25, 2021",140.483125
2021-06-26,"Jun 26, 2021",140.483125
2021-06-27,"Jun 27, 2021",140.483125
2021-06-28,"Jun 28, 2021",139.5248
2021-06-29,"Jun 29, 2021",139.044583
2021-06-30,"Jun 30, 2021",139.06567
2021-07-01,"Jul 1, 2021",140.940776
2021-07-02,"Jul 2, 2021",141.544161
2021-07-03,"Jul 3, 2021",141.544161
2021-07-04,"Jul 4, 2021",141.544161
2021-07-05,"Jul 5, 2021",142.034058
2021-07-06,"Jul 6, 2021",141.449053
2021-07-07,"Jul 7, 2021",140.715265
2021-07-08,"Jul 8, 2021",137.527554
2021-07-09,"Jul 9, 2021",141.1723
2021-07-10,"Jul 10, 2021",141.1723
2021-07-11,"Jul 11, 2021",141.1723
2021-07-12,"Jul 12, 2021",142.916292
2021-07-13,"Jul 13, 2021",142.115818
2021-07-14,"Jul 14, 2021",143.038142
2021-07-15,"Jul 15, 2021",141.249473
2021-07-16,"Jul 16, 2021",141.7653
2021-07-17,"Jul 17, 2021",141.7653
2021-07-18,"Jul 18, 2021",141.7653
2021-07-19,"Jul 19, 2021",135.333472
2021-07-20,"Jul 20, 2021",135.333472
2021-07-21,"Jul 21, 2021",141.136886
2021-07-22,"Jul 22, 2021",140.500286
2021-07-23,"Jul 23, 2021",141.320528
2021-07-24,"Jul 24, 2021",141.320528
2021-07-25,"Jul 25, 2021",141.320528
2021-07-26,"Jul 26, 2021",142.492988
2021-07-27,"Jul 27, 2021",141.497955
2021-07-28,"Jul 28, 2021",142.399582
2021-07-29,"Jul 29, 2021",143.831554
2021-07-30,"Jul 30, 2021",143.307094
2021-07-31,"Jul 31, 2021",143.307094
2021-08-01,"Aug 1, 2021",143.307094
2021-08-02,"Aug 2, 2021",143.493731
2021-08-03,"Aug 3, 2021",139.301173
2021-08-04,"Aug 4, 2021",141.180384
2021-08-05,"Aug 5, 2021",144.198763
2021-08-06,"Aug 6, 2021",147.416608
2021-08-07,"Aug 7, 2021",147.416608
2021-08-08,"Aug 8, 2021",147.416608
2021-08-09,"Aug 9, 2021",147.8609
2021-08-10,"Aug 10, 2021",148.827784
2021-08-11,"Aug 11, 2021",151.272203
2021-08-12,"Aug 12, 2021",151.930972
2021-08-13,"Aug 13, 2021",152.442923
2021-08-14,"Aug 14, 2021",152.442923
2021-08-15,"Aug 15, 2021",152.442923
2021-08-16,"Aug 16, 2021",149.9777
2021-08-17,"Aug 17, 2021",148.61815
2021-08-18,"Aug 18, 2021",148.419284
2021-08-19,"Aug 19, 2021",147.285948
2021-08-20,"Aug 20, 2021",145.146089
2021-08-21,"Aug 21, 2021",145.146089
2021-08-22,"Aug 22, 2021",145.146089
2021-08-23,"Aug 23, 2021",147.759591
2021-08-24,"Aug 24, 2021",148.29995
2021-08-25,"Aug 25, 2021",148.987556
2021-08-26,"Aug 26, 2021",149.902747
2021-08-27,"Aug 27, 2021",149.797384
2021-08-28,"Aug 28, 2021",149.797384
2021-08-29,"Aug 29, 2021",149.797384
2021-08-30,"Aug 30, 2021",149.797384
2021-08-31,"Aug 31, 2021",148.140592
2021-09-01,"Sep 1, 2021",148.824227
2021-09-02,"Sep 2, 2021",148.20774
2021-09-03,"Sep 3, 2021",148.215527
2021-09-04,"Sep 4, 2021",148.215527
2021-09-05,"Sep 5, 2021",148.215527
2021-09-06,"Sep 6, 2021",148.210562
2021-09-07,"Sep 7, 2021",149.074148
2021-09-08,"Sep 8, 2021",147.504058
2021-09-09,"Sep 9, 2021",147.02563
2021-09-10,"Sep 10, 2021",146.352563
2021-09-11,"Sep 11, 2021",146.352563
2021-09-12,"Sep 12, 2021",146.352563
2021-09-13,"Sep 13, 2021",146.65228
2021-09-14,"Sep 14, 2021",146.880119
2021-09-15,"Sep 15, 2021",145.344947
2021-09-16,"Sep 16, 2021",147.335916
2021-09-17,"Sep 17, 2021",147.4593
2021-09-18,"Sep 18, 2021",147.4593
2021-09-19,"Sep 19, 2021",147.4593
2021-09-20,"Sep 20, 2021",142.961674
2021-09-21,"Sep 21, 2021",143.465331
2021-09-22,"Sep 22, 2021",145.780596
2021-09-23,"Sep 23, 2021",148.732638
2021-09-24,"Sep 24, 2021",151.305513
2021-09-25,"Sep 25, 2021",151.305513
2021-09-26,"Sep 26, 2021",151.305513
2021-09-27,"Sep 27, 2021",154.230203
2021-09-28,"Sep 28, 2021",153.220738
2021-09-29,"Sep 29, 2021",150.925124
2021-09-30,"Sep 30, 2021",151.674836
2021-10-01,"Oct 1, 2021",150.310292
2021-10-02,"Oct 2, 2021",150.310292
2021-10-03,"Oct 3, 2021",150.310292
2021-10-04,"Oct 4, 2021",152.729219
2021-10-05,"Oct 5, 2021",151.936322
2021-10-06,"Oct 6, 2021",152.035216
2021-10-07,"Oct 7, 2021",154.517982
2021-10-08,"Oct 8, 2021",153.961483
2021-10-09,"Oct 9, 2021",153.961483
2021-10-10,"Oct 10, 2021",153.961483
2021-10-11,"Oct 11, 2021",154.968029
2021-10-12,"Oct 12, 2021",152.225513
2021-10-13,"Oct 13, 2021",149.859017
2021-10-14,"Oct 14, 2021",151.81001
2021-10-15,"Oct 15, 2021",155.570885
2021-10-16,"Oct 16, 2021",155.570885
2021-10-17,"Oct 17, 2021",155.570885
2021-10-18,"Oct 18, 2021",156.252611
2021-10-19,"Oct 19, 2021",156.14843
2021-10-20,"Oct 20, 2021",156.478184
2021-10-21,"Oct 21, 2021",157.715122
2021-10-22,"Oct 22, 2021",157.96745
2021-10-23,"Oct 23, 2021",157.96745
2021-10-24,"Oct 24, 2021",157.96745
2021-10-25,"Oct 25, 2021",157.985836
2021-10-26,"Oct 26, 2021",158.267411
2021-10-27,"Oct 27, 2021",156.986427
2021-10-28,"Oct 28, 2021",154.746519
2021-10-29,"Oct 29, 2021",153.789888
2021-10-30,"Oct 30, 2021",153.789888
2021-10-31,"Oct 31, 2021",153.789888
2021-11-01,"Nov 1, 2021",153.789888
2021-11-02,"Nov 2, 2021",154.457384
2021-11-03,"Nov 3, 2021",155.316808
2021-11-04,"Nov 4, 2021",153.401271
2021-11-05,"Nov 5, 2021",153.799369
2021-11-06,"Nov 6, 2021",153.799369
2021-11-07,"Nov 7, 2021",153.799369
2021-11-08,"Nov 8, 2021",153.340668
2021-11-09,"Nov 9, 2021",151.403772
2021-11-10,"Nov 10, 2021",152.299237
2021-11-11,"Nov 11, 2021",151.977499
2021-11-12,"Nov 12, 2021",150.583806
2021-11-13,"Nov 13, 2021",150.583806
2021-11-14,"Nov 14, 2021",150.583806
2021-11-15,"Nov 15, 2021",153.162611
2021-11-16,"Nov 16, 2021",151.776534
2021-11-17,"Nov 17, 2021",151.009679
2021-11-18,"Nov 18, 2021",148.183221
2021-11-19,"Nov 19, 2021",145.264794
2021-11-20,"Nov 20, 2021",145.264794
2021-11-21,"Nov 21, 2021",145.264794
2021-11-22,"Nov 22, 2021",147.095999
2021-11-23,"Nov 23, 2021",147.772938
2021-11-24,"Nov 24, 2021",147.567287
2021-11-25,"Nov 25, 2021",147.710964
2021-11-26,"Nov 26, 2021",140.349456
2021-11-27,"Nov 27, 2021",140.349456
2021-11-28,"Nov 28, 2021",140.349456
2021-11-29,"Nov 29, 2021",141.146783
2021-11-30,"Nov 30, 2021",141.146783
2021-12-01,"Dec 1, 2021",141.537244
2021-12-02,"Dec 2, 2021",140.116824
2021-12-03,"Dec 3, 2021",139.982732
2021-12-04,"Dec 4, 2021",139.982732
2021-12-05,"Dec 5, 2021",139.982732
2021-12-06,"Dec 6, 2021",140.759223
2021-12-07,"Dec 7, 2021",143.748701
2021-12-08,"Dec 8, 2021",143.748701
2021-12-09,"Dec 9, 2021",142.969784
2021-12-10,"Dec 10, 2021",142.449548
2021-12-11,"Dec 11, 2021",142.449548
2021-12-12,"Dec 12, 2021",142.449548
2021-12-13,"Dec 13, 2021",141.091576
2021-12-14,"Dec 14, 2021",141.428241
2021-12-15,"Dec 15, 2021",139.029249
2021-12-16,"Dec 16, 2021",141.035409
2021-12-17,"Dec 17, 2021",137.775133
2021-12-18,"Dec 18, 2021",137.775133
2021-12-19,"Dec 19, 2021",137.775133
2021-12-20,"Dec 20, 2021",135.150924
2021-12-21,"Dec 21, 2021",138.112602
2021-12-22,"Dec 22, 2021",140.899767
2021-12-23,"Dec 23, 2021",142.157898
2021-12-24,"Dec 24, 2021",142.141838
2021-12-25,"Dec 25, 2021",142.141838
2021-12-26,"Dec 26, 2021",142.141838
2021-12-27,"Dec 27, 2021",142.664594
2021-12-28,"Dec 28, 2021",144.650612
2021-12-29,"Dec 29, 2021",145.524723
2021-12-30,"Dec 30, 2021",145.524723
2021-12-31,"Dec 31, 2021",145.517563
2022-01-01,"Jan 1, 2022",145.517563
2022-01-02,"Jan 2, 2022",145.517563
2022-01-03,"Jan 3, 2022",147.376353
2022-01-04,"Jan 4, 2022",152.649551
2022-01-05,"Jan 5, 2022",151.582433
2022-01-06,"Jan 6, 2022",150.401171
2022-01-07,"Jan 7, 2022",154.498272
2022-01-08,"Jan 8, 2022",154.498272
2022-01-09,"Jan 9, 2022",154.498272
2022-01-10,"Jan 10, 2022",153.588525
2022-01-11,"Jan 11, 2022",153.342846
2022-01-12,"Jan 12, 2022",156.008976
2022-01-13,"Jan 13, 2022",156.483283
2022-01-14,"Jan 14, 2022",153.251263
2022-01-15,"Jan 15, 2022",153.251263
2022-01-16,"Jan 16, 2022",153.251263
2022-01-17,"Jan 17, 2022",154.698259
2022-01-18,"Jan 18, 2022",152.797647
2022-01-19,"Jan 19, 2022",151.449161
2022-01-20,"Jan 20, 2022",149.66447
2022-01-21,"Jan 21, 2022",145.521956
2022-01-22,"Jan 22, 2022",145.521956
2022-01-23,"Jan 23, 2022",145.521956
2022-01-24,"Jan 24, 2022",138.844106
2022-01-25,"Jan 25, 2022",139.389178
2022-01-26,"Jan 26, 2022",145.97918
2022-01-27,"Jan 27, 2022",145.515497
2022-01-28,"Jan 28, 2022",140.469959
2022-01-29,"Jan 29, 2022",140.469959
2022-01-30,"Jan 30, 2022",140.469959
2022-01-31,"Jan 31, 2022",142.046256
2022-02-01,"Feb 1, 2022",142.046256
2022-02-02,"Feb 2, 2022",147.88869
2022-02-03,"Feb 3, 2022",146.829758
2022-02-04,"Feb 4, 2022",147.257236
2022-02-05,"Feb 5, 2022",147.257236
2022-02-06,"Feb 6, 2022",147.257236
2022-02-07,"Feb 7, 2022",150.153567
2022-02-08,"Feb 8, 2022",152.619158
2022-02-09,"Feb 9, 2022",155.166482
2022-02-10,"Feb 10, 2022",156.161327
2022-02-11,"Feb 11, 2022",154.065874
2022-02-12,"Feb 12, 2022",154.065874
2022-02-13,"Feb 13, 2022",154.065874
2022-02-14,"Feb 14, 2022",150.222706
2022-02-15,"Feb 15, 2022",151.844558
2022-02-16,"Feb 16, 2022",151.94849
2022-02-17,"Feb 17, 2022",149.093702
2022-02-18,"Feb 18, 2022",148.413896
2022-02-19,"Feb 19, 2022",148.413896
2022-02-20,"Feb 20, 2022",148.413896
2022-02-21,"Feb 21, 2022",145.963599
2022-02-22,"Feb 22, 2022",146.224608
2022-02-23,"Feb 23, 2022",144.016663
2022-02-24,"Feb 24, 2022",132.206985
2022-02-25,"Feb 25, 2022",132.206985
2022-02-26,"Feb 26, 2022",132.206985
2022-02-27,"Feb 27, 2022",132.206985
2022-02-28,"Feb 28, 2022",134.594145
2022-03-01,"Mar 1, 2022",131.323646
2022-03-02,"Mar 2, 2022",130.04306
2022-03-03,"Mar 3, 2022",131.229492
2022-03-04,"Mar 4, 2022",124.406063
2022-03-05,"Mar 5, 2022",124.406063
2022-03-06,"Mar 6, 2022",124.406063
2022-03-07,"Mar 7, 2022",120.046586
2022-03-08,"Mar 8, 2022",118.765683
2022-03-09,"Mar 9, 2022",125.814108
2022-03-10,"Mar 10, 2022",126.349415
2022-03-11,"Mar 11, 2022",126.370199
2022-03-12,"Mar 12, 2022",126.370199
2022-03-13,"Mar 13, 2022",126.370199
2022-03-14,"Mar 14, 2022",128.452656
2022-03-15,"Mar 15, 2022",127.480662
2022-03-16,"Mar 16, 2022",133.030239
2022-03-17,"Mar 17, 2022",131.463558
2022-03-18,"Mar 18, 2022",132.888123
2022-03-19,"Mar 19, 2022",132.888123
2022-03-20,"Mar 20, 2022",132.888123
2022-03-21,"Mar 21, 2022",134.102215
2022-03-22,"Mar 22, 2022",137.646942
2022-03-23,"Mar 23, 2022",134.705601
2022-03-24,"Mar 24, 2022",133.893788
2022-03-25,"Mar 25, 2022",135.294325
2022-03-26,"Mar 26, 2022",135.294325
2022-03-27,"Mar 27, 2022",135.294325
2022-03-28,"Mar 28, 2022",134.122837
2022-03-29,"Mar 29, 2022",137.350791
2022-03-30,"Mar 30, 2022",136.628272
2022-03-31,"Mar 31, 2022",133.362243
2022-04-01,"Apr 1, 2022",131.939291
2022-04-02,"Apr 2, 2022",131.939291
2022-04-03,"Apr 3, 2022",131.939291
2022-04-04,"Apr 4, 2022",129.802421
2022-04-05,"Apr 5, 2022",128.957605
2022-04-06,"Apr 6, 2022",125.415407
2022-04-07,"Apr 7, 2022",124.657475
2022-04-08,"Apr 8, 2022",125.290102
2022-04-09,"Apr 9, 2022",125.290102
2022-04-10,"Apr 10, 2022",125.290102
2022-04-11,"Apr 11, 2022",128.624304
2022-04-12,"Apr 12, 2022",128.261022
2022-04-13,"Apr 13, 2022",125.971007
2022-04-14,"Apr 14, 2022",125.971007
2022-04-15,"Apr 15, 2022",125.971007
2022-04-16,"Apr 16, 2022",125.971007
2022-04-17,"Apr 17, 2022",125.971007
2022-04-18,"Apr 18, 2022",127.398213
2022-04-19,"Apr 19, 2022",129.205127
2022-04-20,"Apr 20, 2022",131.48636
2022-04-21,"Apr 21, 2022",131.989283
2022-04-22,"Apr 22, 2022",127.699824
2022-04-23,"Apr 23, 2022",127.699824
2022-04-24,"Apr 24, 2022",127.699824
2022-04-25,"Apr 25, 2022",123.010552
2022-04-26,"Apr 26, 2022",123.192075
2022-04-27,"Apr 27, 2022",120.4426
2022-04-28,"Apr 28, 2022",121.046083
2022-04-29,"Apr 29, 2022",122.905516
2022-04-30,"Apr 30, 2022",122.905516
2022-05-02,"May 2, 2022",120.099386
2022-05-03,"May 3, 2022",120.099386
2022-05-04,"May 4, 2022",122.683694
2022-05-05,"May 5, 2022",122.340444
2022-05-06,"May 6, 2022",117.640818
2022-05-07,"May 7, 2022",117.640818
2022-05-08,"May 8, 2022",117.640818
2022-05-09,"May 9, 2022",117.640818
2022-05-10,"May 10, 2022",116.190257
2022-05-11,"May 11, 2022",115.793102
2022-05-12,"May 12, 2022",111.311014
2022-05-13,"May 13, 2022",114.600869
2022-05-14,"May 14, 2022",114.600869
2022-05-15,"May 15, 2022",114.600869
2022-05-16,"May 16, 2022",113.910347
2022-05-17,"May 17, 2022",117.796809
2022-05-18,"May 18, 2022",117.107996
2022-05-19,"May 19, 2022",115.469105
2022-05-20,"May 20, 2022",116.010474
2022-05-21,"May 21, 2022",116.010474
2022-05-22,"May 22, 2022",116.010474
2022-05-23,"May 23, 2022",117.777492
2022-05-24,"May 24, 2022",118.574806
2022-05-25,"May 25, 2022",119.200545
2022-05-26,"May 26, 2022",119.591972
2022-05-27,"May 27, 2022",124.802472
2022-05-28,"May 28, 2022",124.802472
2022-05-29,"May 29, 2022",124.802472
2022-05-30,"May 30, 2022",125.694826
2022-05-31,"May 31, 2022",125.0058
2022-06-01,"Jun 1, 2022",125.154145
2022-06-02,"Jun 2, 2022",124.453024
2022-06-03,"Jun 3, 2022",125.266026
2022-06-06,"Jun 6, 2022",125.253949
2022-06-07,"Jun 7, 2022",124.603113
2022-06-08,"Jun 8, 2022",125.141252
2022-06-09,"Jun 9, 2022",123.027032
2022-06-10,"Jun 10, 2022",116.257955
2022-06-11,"Jun 11, 2022",116.257955
2022-06-12,"Jun 12, 2022",116.257955
2022-06-13,"Jun 13, 2022",111.104514
2022-06-14,"Jun 14, 2022",111.367275
2022-06-15,"Jun 15, 2022",112.342715
2022-06-16,"Jun 16, 2022",108.199849
2022-06-17,"Jun 17, 2022",111.602348
2022-06-18,"Jun 18, 2022",111.602348
2022-06-19,"Jun 19, 2022",111.602348
2022-06-20,"Jun 20, 2022",112.347496
2022-06-21,"Jun 21, 2022",115.394047
2022-06-22,"Jun 22, 2022",114.041025
2022-06-23,"Jun 23, 2022",114.515342
2022-06-24,"Jun 24, 2022",115.569396
2022-06-25,"Jun 25, 2022",115.569396
2022-06-26,"Jun 26, 2022",115.569396
2022-06-27,"Jun 27, 2022",115.864604
2022-06-28,"Jun 28, 2022",118.168624
2022-06-29,"Jun 29, 2022",115.197951
2022-06-30,"Jun 30, 2022",109.8055
2022-07-01,"Jul 1, 2022",112.370658
2022-07-02,"Jul 2, 2022",112.370658
2022-07-03,"Jul 3, 2022",112.370658
2022-07-04,"Jul 4, 2022",112.73472
2022-07-05,"Jul 5, 2022",108.580426
2022-07-06,"Jul 6, 2022",110.26317
2022-07-07,"Jul 7, 2022",114.002614
2022-07-08,"Jul 8, 2022",112.926208
2022-07-09,"Jul 9, 2022",112.926208
2022-07-10,"Jul 10, 2022",112.926208
2022-07-11,"Jul 11, 2022",112.363914
2022-07-12,"Jul 12, 2022",112.017266
2022-07-13,"Jul 13, 2022",109.853157
2022-07-14,"Jul 14, 2022",106.936632
2022-07-15,"Jul 15, 2022",109.522717
2022-07-16,"Jul 16, 2022",109.522717
2022-07-17,"Jul 17, 2022",109.522717
2022-07-18,"Jul 18, 2022",114.239739
2022-07-19,"Jul 19, 2022",115.041472
2022-07-20,"Jul 20, 2022",115.428763
2022-07-21,"Jul 21, 2022",117.062624
2022-07-22,"Jul 22, 2022",116.200295
2022-07-23,"Jul 23, 2022",116.200295
2022-07-24,"Jul 24, 2022",116.200295
2022-07-25,"Jul 25, 2022",117.333431
2022-07-26,"Jul 26, 2022",114.188413
2022-07-27,"Jul 27, 2022",115.317789
2022-07-28,"Jul 28, 2022",116.27382
2022-07-29,"Jul 29, 2022",117.81012
2022-07-30,"Jul 30, 2022",117.81012
2022-07-31,"Jul 31, 2022",117.81012
2022-08-01,"Aug 1, 2022",118.185293
2022-08-02,"Aug 2, 2022",117.74273
2022-08-03,"Aug 3, 2022",119.445921
2022-08-04,"Aug 4, 2022",120.168386
2022-08-05,"Aug 5, 2022",120.121877
2022-08-06,"Aug 6, 2022",120.121877
2022-08-07,"Aug 7, 2022",120.121877
2022-08-08,"Aug 8, 2022",121.72421
2022-08-09,"Aug 9, 2022",121.426605
2022-08-10,"Aug 10, 2022",124.533303
2022-08-11,"Aug 11, 2022",126.149936
2022-08-12,"Aug 12, 2022",127.162767
2022-08-13,"Aug 13, 2022",127.162767
2022-08-14,"Aug 14, 2022",127.162767
2022-08-15,"Aug 15, 2022",127.642413
2022-08-16,"Aug 16, 2022",128.595605
2022-08-17,"Aug 17, 2022",128.074771
2022-08-18,"Aug 18, 2022",127.471174
2022-08-19,"Aug 19, 2022",125.486469
2022-08-20,"Aug 20, 2022",125.486469
2022-08-21,"Aug 21, 2022",125.486469
2022-08-22,"Aug 22, 2022",122.836667
2022-08-23,"Aug 23, 2022",123.792112
2022-08-24,"Aug 24, 2022",123.792112
2022-08-25,"Aug 25, 2022",124.359118
2022-08-26,"Aug 26, 2022",125.216042
2022-08-27,"Aug 27, 2022",125.216042
2022-08-28,"Aug 28, 2022",125.216042
2022-08-29,"Aug 29, 2022",125.216042
2022-08-30,"Aug 30, 2022",122.286592
2022-08-31,"Aug 31, 2022",122.389802
2022-09-01,"Sep 1, 2022",120.15107
2022-09-02,"Sep 2, 2022",123.283716
2022-09-03,"Sep 3, 2022",123.283716
2022-09-04,"Sep 4, 2022",123.283716
2022-09-05,"Sep 5, 2022",122.344543
2022-09-06,"Sep 6, 2022",121.601458
2022-09-07,"Sep 7, 2022",121.761461
2022-09-08,"Sep 8, 2022",125.324733
2022-09-09,"Sep 9, 2022",128.507613
2022-09-10,"Sep 10, 2022",128.507613
2022-09-11,"Sep 11, 2022",128.507613
2022-09-12,"Sep 12, 2022",131.196858
2022-09-13,"Sep 13, 2022",128.387219
2022-09-14,"Sep 14, 2022",127.938286
2022-09-15,"Sep 15, 2022",129.699766
2022-09-16,"Sep 16, 2022",126.461931
2022-09-17,"Sep 17, 2022",126.461931
2022-09-18,"Sep 18, 2022",126.461931
2022-09-19,"Sep 19, 2022",128.006611
2022-09-20,"Sep 20, 2022",127.93793
2022-09-21,"Sep 21, 2022",127.895431
2022-09-22,"Sep 22, 2022",126.778674
2022-09-23,"Sep 23, 2022",122.615721
2022-09-24,"Sep 24, 2022",122.615721
2022-09-25,"Sep 25, 2022",122.615721
2022-09-26,"Sep 26, 2022",122.615721
2022-09-27,"Sep 27, 2022",121.90582
2022-09-28,"Sep 28, 2022",120.436788
2022-09-29,"Sep 29, 2022",119.089351
2022-09-30,"Sep 30, 2022",120.204454
2022-10-01,"Oct 1, 2022",120.204454
2022-10-02,"Oct 2, 2022",120.204454
2022-10-03,"Oct 3, 2022",121.030289
2022-10-04,"Oct 4, 2022",126.510804
2022-10-05,"Oct 5, 2022",125.269977
2022-10-06,"Oct 6, 2022",124.7375
2022-10-07,"Oct 7, 2022",122.518838
2022-10-08,"Oct 8, 2022",122.518838
2022-10-09,"Oct 9, 2022",122.518838
2022-10-10,"Oct 10, 2022",122.884448
2022-10-11,"Oct 11, 2022",120.118398
2022-10-12,"Oct 12, 2022",120.193604
2022-10-13,"Oct 13, 2022",120.718779
2022-10-14,"Oct 14, 2022",125.811107
2022-10-15,"Oct 15, 2022",125.811107
2022-10-16,"Oct 16, 2022",125.811107
2022-10-17,"Oct 17, 2022",125.858692
2022-10-18,"Oct 18, 2022",127.809217
2022-10-19,"Oct 19, 2022",126.069935
2022-10-20,"Oct 20, 2022",126.015712
2022-10-21,"Oct 21, 2022",125.280725
2022-10-22,"Oct 22, 2022",125.280725
2022-10-23,"Oct 23, 2022",125.280725
2022-10-24,"Oct 24, 2022",127.929867
2022-10-25,"Oct 25, 2022",128.72663
2022-10-26,"Oct 26, 2022",129.161023
2022-10-27,"Oct 27, 2022",129.682893
2022-10-28,"Oct 28, 2022",129.128784
2022-11-02,"Nov 2, 2022",131.705581
2022-11-03,"Nov 3, 2022",129.498758
2022-11-04,"Nov 4, 2022",132.25096
2022-11-07,"Nov 7, 2022",132.435058
2022-11-08,"Nov 8, 2022",131.954136
2022-11-09,"Nov 9, 2022",130.413153
2022-11-10,"Nov 10, 2022",133.848642
2022-11-11,"Nov 11, 2022",133.264872
2022-11-14,"Nov 14, 2022",132.971546
2022-11-15,"Nov 15, 2022",134.256885
2022-11-16,"Nov 16, 2022",132.724847
2022-11-17,"Nov 17, 2022",130.324358
2022-11-18,"Nov 18, 2022",131.857884
2022-11-21,"Nov 21, 2022",132.048018
2022-11-22,"Nov 22, 2022",133.245037
2022-11-23,"Nov 23, 2022",133.360604
2022-11-24,"Nov 24, 2022",133.824532
2022-11-25,"Nov 25, 2022",133.494299
2022-11-28,"Nov 28, 2022",132.739065
2022-11-29,"Nov 29, 2022",132.789935
2022-12-01,"Dec 1, 2022",133.657178
2022-12-02,"Dec 2, 2022",130.999569
2022-12-05,"Dec 5, 2022",130.664429
2022-12-06,"Dec 6, 2022",128.290819
2022-12-07,"Dec 7, 2022",126.284753
2022-12-09,"Dec 9, 2022",126.833221
2022-12-12,"Dec 12, 2022",126.644132
2022-12-13,"Dec 13, 2022",131.323163
2022-12-14,"Dec 14, 2022",128.810608
2022-12-15,"Dec 15, 2022",125.214122
2022-12-16,"Dec 16, 2022",124.925003
2022-12-19,"Dec 19, 2022",124.544457
2022-12-20,"Dec 20, 2022",124.860956
2022-12-21,"Dec 21, 2022",125.513323
2022-12-22,"Dec 22, 2022",124.751953
2022-12-23,"Dec 23, 2022",125.195922
2022-12-27,"Dec 27, 2022",126.99842
2022-12-28,"Dec 28, 2022",128.2679
2022-12-29,"Dec 29, 2022",127.608415
2022-12-30,"Dec 30, 2022",127.608415
2022-12-31,"Dec 31, 2022",127.608415
2023-01-01,"Jan 1, 2023",127.608415
2023-01-02,"Jan 2, 2023",127.608415
2023-01-12,"Jan 12, 2023",136.041858
2023-01-16,"Jan 16, 2023",136.345257
2023-01-17,"Jan 17, 2023",136.508534
2023-01-18,"Jan 18, 2023",137.192996
2023-01-19,"Jan 19, 2023",133.402933
2023-01-20,"Jan 20, 2023",134.930041
2023-01-23,"Jan 23, 2023",136.599356
2023-01-24,"Jan 24, 2023",136.719047
2023-01-25,"Jan 25, 2023",136.857865
2023-01-26,"Jan 26, 2023",139.036348
2023-01-27,"Jan 27, 2023",139.901357
2023-01-30,"Jan 30, 2023",139.819184
2023-01-31,"Jan 31, 2023",140.136229
2023-02-01,"Feb 1, 2023",142.507073
2023-02-02,"Feb 2, 2023",141.547268
2023-02-03,"Feb 3, 2023",140.020018
2023-02-06,"Feb 6, 2023",140.289252
2023-02-07,"Feb 7, 2023",142.612823
2023-02-08,"Feb 8, 2023",143.563899
2023-02-09,"Feb 9, 2023",143.649981
2023-02-10,"Feb 10, 2023",140.941505
2023-02-13,"Feb 13, 2023",142.166904
2023-02-14,"Feb 14, 2023",143.959176
2023-02-15,"Feb 15, 2023",143.295764
2023-02-16,"Feb 16, 2023",144.122573
2023-02-17,"Feb 17, 2023",143.829719
2023-02-20,"Feb 20, 2023",143.860621
2023-02-21,"Feb 21, 2023",143.045283
2023-02-22,"Feb 22, 2023",141.153105
2023-02-23,"Feb 23, 2023",141.307645
2023-02-27,"Feb 27, 2023",143.471526
2023-02-28,"Feb 28, 2023",143.504494
2023-03-01,"Mar 1, 2023",141.950471
2023-03-02,"Mar 2, 2023",139.231141
2023-03-03,"Mar 3, 2023",140.658956
2023-03-06,"Mar 6, 2023",142.534284
2023-03-07,"Mar 7, 2023",141.531981
2023-03-08,"Mar 8, 2023",140.952887
2023-03-09,"Mar 9, 2023",138.388821
2023-03-10,"Mar 10, 2023",129.323047
2023-03-13,"Mar 13, 2023",122.106061
2023-03-14,"Mar 14, 2023",124.252266
2023-03-15,"Mar 15, 2023",118.049011
2023-03-16,"Mar 16, 2023",118.386029
2023-03-17,"Mar 17, 2023",115.663646
2023-03-20,"Mar 20, 2023",118.098872
2023-03-21,"Mar 21, 2023",120.713373
2023-03-22,"Mar 22, 2023",120.729787
2023-03-23,"Mar 23, 2023",118.50617
2023-03-24,"Mar 24, 2023",113.529966
2023-03-27,"Mar 27, 2023",117.029777
2023-03-28,"Mar 28, 2023",117.994619
2023-03-29,"Mar 29, 2023",119.733994
2023-03-30,"Mar 30, 2023",122.248524
2023-03-31,"Mar 31, 2023",121.343777
2023-04-03,"Apr 3, 2023",123.368492
2023-04-04,"Apr 4, 2023",122.341255
2023-04-05,"Apr 5, 2023",121.205862
2023-04-11,"Apr 11, 2023",124.187873
2023-04-12,"Apr 12, 2023",126.958983
2023-04-13,"Apr 13, 2023",127.588363
2023-04-14,"Apr 14, 2023",129.992845
2023-04-17,"Apr 17, 2023",130.277808
2023-04-18,"Apr 18, 2023",132.850078
2023-04-19,"Apr 19, 2023",133.127525
2023-04-20,"Apr 20, 2023",132.834385
2023-04-24,"Apr 24, 2023",133.013273
2023-04-25,"Apr 25, 2023",130.50245
2023-04-26,"Apr 26, 2023",130.462458
2023-04-27,"Apr 27, 2023",131.729445
2023-04-28,"Apr 28, 2023",130.625769
2023-05-02,"May 2, 2023",129.821995
2023-05-03,"May 3, 2023",128.659263
2023-05-04,"May 4, 2023",126.131401
2023-05-05,"May 5, 2023",127.580278
2023-05-09,"May 9, 2023",131.08527
2023-05-10,"May 10, 2023",130.228221
2023-05-11,"May 11, 2023",129.944533
2023-05-12,"May 12, 2023",131.384502
2023-05-15,"May 15, 2023",131.683183
2023-05-16,"May 16, 2023",131.896628
2023-05-17,"May 17, 2023",132.212276
2023-05-18,"May 18, 2023",131.458962
2023-05-19,"May 19, 2023",134.064806
2023-05-22,"May 22, 2023",133.884566
2023-05-23,"May 23, 2023",134.895922
2023-05-24,"May 24, 2023",131.706776
2023-05-25,"May 25, 2023",133.020495
2023-05-26,"May 26, 2023",131.86572
2023-05-29,"May 29, 2023",132.635571
2023-05-30,"May 30, 2023",133.197328
2023-05-31,"May 31, 2023",130.871731
2023-06-01,"Jun 1, 2023",131.357279
2023-06-02,"Jun 2, 2023",133.965358
2023-06-05,"Jun 5, 2023",134.920572
2023-06-06,"Jun 6, 2023",135.648231
2023-06-07,"Jun 7, 2023",137.280435
2023-06-08,"Jun 8, 2023",137.190791
2023-06-09,"Jun 9, 2023",137.042838
2023-06-13,"Jun 13, 2023",138.418892
2023-06-14,"Jun 14, 2023",140.019158
2023-06-15,"Jun 15, 2023",138.59542
2023-06-16,"Jun 16, 2023",139.389939
2023-06-17,"Jun 17, 2023",139.389939
2023-06-18,"Jun 18, 2023",139.389939
2023-06-19,"Jun 19, 2023",139.123773
2023-06-20,"Jun 20, 2023",137.963503
2023-06-21,"Jun 21, 2023",138.460861
2023-06-22,"Jun 22, 2023",137.703061
2023-06-23,"Jun 23, 2023",138.069289
2023-06-24,"Jun 24, 2023",138.069289
2023-06-25,"Jun 25, 2023",138.069289
2023-06-26,"Jun 26, 2023",136.551718
2023-06-27,"Jun 27, 2023",135.28814
2023-06-28,"Jun 28, 2023",135.28814
2023-06-29,"Jun 29, 2023",137.346253
2023-06-30,"Jun 30, 2023",138.813251
2023-07-01,"Jul 1, 2023",138.813251
2023-07-02,"Jul 2, 2023",138.813251
2023-07-03,"Jul 3, 2023",139.991821
2023-07-04,"Jul 4, 2023",140.141097
2023-07-05,"Jul 5, 2023",139.609809
2023-07-06,"Jul 6, 2023",137.540302
2023-07-07,"Jul 7, 2023",139.233973
2023-07-08,"Jul 8, 2023",139.233973
2023-07-09,"Jul 9, 2023",139.233973
2023-07-10,"Jul 10, 2023",140.390662
2023-07-11,"Jul 11, 2023",139.700877
2023-07-12,"Jul 12, 2023",142.417978
2023-07-13,"Jul 13, 2023",142.42844
2023-07-14,"Jul 14, 2023",142.291781
2023-07-15,"Jul 15, 2023",142.291781
2023-07-16,"Jul 16, 2023",142.291781
2023-07-17,"Jul 17, 2023",142.233235
2023-07-18,"Jul 18, 2023",144.157515
2023-07-19,"Jul 19, 2023",145.689881
2023-07-20,"Jul 20, 2023",146.329021
2023-07-21,"Jul 21, 2023",146.46859
2023-07-22,"Jul 22, 2023",146.46859
2023-07-23,"Jul 23, 2023",146.46859
2023-07-24,"Jul 24, 2023",146.869017
2023-07-25,"Jul 25, 2023",146.725045
2023-07-26,"Jul 26, 2023",147.734073
2023-07-27,"Jul 27, 2023",147.608282
2023-07-28,"Jul 28, 2023",148.579756
2023-07-29,"Jul 29, 2023",148.579756
2023-07-30,"Jul 30, 2023",148.579756
2023-07-31,"Jul 31, 2023",148.979459
2023-08-01,"Aug 1, 2023",147.68434
2023-08-02,"Aug 2, 2023",147.061037
2023-08-03,"Aug 3, 2023",147.35114
2023-08-04,"Aug 4, 2023",149.266415
2023-08-05,"Aug 5, 2023",149.266415
2023-08-06,"Aug 6, 2023",149.266415
2023-08-07,"Aug 7, 2023",150.562791
2023-08-08,"Aug 8, 2023",147.820656
2023-08-09,"Aug 9, 2023",148.43194
2023-08-10,"Aug 10, 2023",149.777866
2023-08-11,"Aug 11, 2023",148.339781
2023-08-12,"Aug 12, 2023",148.339781
2023-08-13,"Aug 13, 2023",148.339781
2023-08-14,"Aug 14, 2023",148.967685
2023-08-15,"Aug 15, 2023",149.119945
2023-08-16,"Aug 16, 2023",146.479319
2023-08-17,"Aug 17, 2023",146.496774
2023-08-18,"Aug 18, 2023",143.694982
2023-08-19,"Aug 19, 2023",143.694982
2023-08-20,"Aug 20, 2023",143.694982
2023-08-21,"Aug 21, 2023",143.694982
2023-08-22,"Aug 22, 2023",145.329384
2023-08-23,"Aug 23, 2023",145.587785
2023-08-24,"Aug 24, 2023",147.366208
2023-08-25,"Aug 25, 2023",145.494607
2023-08-26,"Aug 26, 2023",145.494607
2023-08-27,"Aug 27, 2023",145.494607
2023-08-28,"Aug 28, 2023",145.494607
2023-08-29,"Aug 29, 2023",148.406372
2023-08-30,"Aug 30, 2023",150.459596
2023-08-31,"Aug 31, 2023",149.348235
2023-09-01,"Sep 1, 2023",149.014159
2023-09-02,"Sep 2, 2023",149.014159
2023-09-03,"Sep 3, 2023",149.014159
2023-09-04,"Sep 4, 2023",149.034577
2023-09-05,"Sep 5, 2023",148.401502
2023-09-06,"Sep 6, 2023",146.727431
2023-09-07,"Sep 7, 2023",144.672736
2023-09-08,"Sep 8, 2023",143.936382
2023-09-09,"Sep 9, 2023",143.936382
2023-09-10,"Sep 10, 2023",143.936382
2023-09-11,"Sep 11, 2023",145.849695
2023-09-12,"Sep 12, 2023",146.412386
2023-09-13,"Sep 13, 2023",148.00426
2023-09-14,"Sep 14, 2023",149.152935
2023-09-15,"Sep 15, 2023",148.893196
2023-09-16,"Sep 16, 2023",148.893196
2023-09-17,"Sep 17, 2023",148.893196
2023-09-18,"Sep 18, 2023",147.527821
2023-09-19,"Sep 19, 2023",147.85719
2023-09-20,"Sep 20, 2023",149.917663
2023-09-21,"Sep 21, 2023",147.413997
2023-09-22,"Sep 22, 2023",147.220406
2023-09-23,"Sep 23, 2023",147.220406
2023-09-24,"Sep 24, 2023",147.220406
2023-09-25,"Sep 25, 2023",146.227144
2023-09-26,"Sep 26, 2023",146.692953
2023-09-27,"Sep 27, 2023",145.015258
2023-09-28,"Sep 28, 2023",145.16302
2023-09-29,"Sep 29, 2023",146.144852
2023-09-30,"Sep 30, 2023",146.144852
2023-10-01,"Oct 1, 2023",146.144852
2023-10-02,"Oct 2, 2023",144.444833
2023-10-03,"Oct 3, 2023",141.984995
2023-10-04,"Oct 4, 2023",139.667095
2023-10-05,"Oct 5, 2023",140.866674
2023-10-06,"Oct 6, 2023",140.971755
2023-10-07,"Oct 7, 2023",140.971755
2023-10-08,"Oct 8, 2023",140.971755
2023-10-09,"Oct 9, 2023",142.418197
2023-10-10,"Oct 10, 2023",145.213115
2023-10-11,"Oct 11, 2023",146.476288
2023-10-12,"Oct 12, 2023",144.578268
2023-10-13,"Oct 13, 2023",144.452127
2023-10-14,"Oct 14, 2023",144.452127
2023-10-15,"Oct 15, 2023",144.452127
2023-10-16,"Oct 16, 2023",144.368299
2023-10-17,"Oct 17, 2023",145.075733
2023-10-18,"Oct 18, 2023",144.543827
2023-10-19,"Oct 19, 2023",144.015177
2023-10-20,"Oct 20, 2023",141.27124
2023-10-21,"Oct 21, 2023",141.27124
2023-10-22,"Oct 22, 2023",141.27124
2023-10-23,"Oct 23, 2023",140.07821
2023-10-24,"Oct 24, 2023",138.927334
2023-10-25,"Oct 25, 2023",136.940655
2023-10-26,"Oct 26, 2023",137.848292
2023-10-27,"Oct 27, 2023",137.949144
2023-10-28,"Oct 28, 2023",137.949144
2023-10-29,"Oct 29, 2023",137.949144
2023-10-30,"Oct 30, 2023",137.949144
2023-10-31,"Oct 31, 2023",137.901992
2023-11-01,"Nov 1, 2023",137.901992
2023-11-02,"Nov 2, 2023",137.901992
2023-11-03,"Nov 3, 2023",143.149113
2023-11-04,"Nov 4, 2023",143.149113
2023-11-05,"Nov 5, 2023",143.149113
2023-11-06,"Nov 6, 2023",142.099301
2023-11-07,"Nov 7, 2023",141.704288
2023-11-08,"Nov 8, 2023",142.40689
2023-11-09,"Nov 9, 2023",142.284335
2023-11-10,"Nov 10, 2023",141.541512
2023-11-11,"Nov 11, 2023",141.541512
2023-11-12,"Nov 12, 2023",141.541512
2023-11-13,"Nov 13, 2023",143.042907
2023-11-14,"Nov 14, 2023",146.677373
2023-11-15,"Nov 15, 2023",146.98138
2023-11-16,"Nov 16, 2023",147.306938
2023-11-17,"Nov 17, 2023",147.40903
2023-11-18,"Nov 18, 2023",147.40903
2023-11-19,"Nov 19, 2023",147.40903
2023-11-20,"Nov 20, 2023",148.149816
2023-11-21,"Nov 21, 2023",147.574022
2023-11-22,"Nov 22, 2023",147.616027
2023-11-23,"Nov 23, 2023",148.4766
2023-11-24,"Nov 24, 2023",148.862161
2023-11-25,"Nov 25, 2023",148.862161
2023-11-26,"Nov 26, 2023",148.862161
2023-11-27,"Nov 27, 2023",148.862161
2023-11-28,"Nov 28, 2023",149.206082
2023-11-29,"Nov 29, 2023",150.985683
2023-11-30,"Nov 30, 2023",151.954867
2023-12-01,"Dec 1, 2023",152.28787
2023-12-02,"Dec 2, 2023",152.28787
2023-12-03,"Dec 3, 2023",152.28787
2023-12-04,"Dec 4, 2023",153.535268
2023-12-05,"Dec 5, 2023",152.807487
2023-12-06,"Dec 6, 2023",153.956731
2023-12-07,"Dec 7, 2023",151.665918
2023-12-08,"Dec 8, 2023",151.665918
2023-12-09,"Dec 9, 2023",151.665918
2023-12-10,"Dec 10, 2023",151.665918
2023-12-11,"Dec 11, 2023",153.703004
2023-12-12,"Dec 12, 2023",153.065096
2023-12-13,"Dec 13, 2023",154.833179
2023-12-14,"Dec 14, 2023",159.573672
2023-12-15,"Dec 15, 2023",157.706509
2023-12-16,"Dec 16, 2023",157.706509
2023-12-17,"Dec 17, 2023",157.706509
2023-12-18,"Dec 18, 2023",157.786583
2023-12-19,"Dec 19, 2023",159.738917
2023-12-20,"Dec 20, 2023",159.025287
2023-12-21,"Dec 21, 2023",157.786725
2023-12-22,"Dec 22, 2023",158.106222
2023-12-23,"Dec 23, 2023",158.106222
2023-12-24,"Dec 24, 2023",158.106222
2023-12-25,"Dec 25, 2023",158.106222
2023-12-26,"Dec 26, 2023",158.106222
2023-12-27,"Dec 27, 2023",159.63615
2023-12-28,"Dec 28, 2023",159.907031
2023-12-29,"Dec 29, 2023",159.503414
2023-12-30,"Dec 30, 2023",159.503414
2023-12-31,"Dec 31, 2023",159.503414
2024-01-01,"Jan 1, 2024",159.503414
2024-01-02,"Jan 2, 2024",158.74939
2024-01-03,"Jan 3, 2024",156.839738
2024-01-04,"Jan 4, 2024",158.492175
2024-01-05,"Jan 5, 2024",160.102451
2024-01-06,"Jan 6, 2024",160.102451
2024-01-07,"Jan 7, 2024",160.102451
2024-01-08,"Jan 8, 2024",160.756829
2024-01-09,"Jan 9, 2024",160.932323
2024-01-10,"Jan 10, 2024",161.168594
2024-01-11,"Jan 11, 2024",160.221131
2024-01-12,"Jan 12, 2024",160.361791
2024-01-13,"Jan 13, 2024",160.361791
2024-01-14,"Jan 14, 2024",160.361791
2024-01-15,"Jan 15, 2024",158.917773
2024-01-16,"Jan 16, 2024",157.763662
2024-01-17,"Jan 17, 2024",156.750176
2024-01-18,"Jan 18, 2024",156.686411
2024-01-19,"Jan 19, 2024",157.010542
2024-01-20,"Jan 20, 2024",157.010542
2024-01-21,"Jan 21, 2024",157.010542
2024-01-22,"Jan 22, 2024",160.830698
2024-01-23,"Jan 23, 2024",159.627235
2024-01-24,"Jan 24, 2024",161.646264
2024-01-25,"Jan 25, 2024",161.874042
2024-01-26,"Jan 26, 2024",162.657844
2024-01-27,"Jan 27, 2024",162.657844
2024-01-28,"Jan 28, 2024",162.657844
2024-01-29,"Jan 29, 2024",162.380291
2024-01-30,"Jan 30, 2024",164.032485
2024-01-31,"Jan 31, 2024",162.811187
2024-02-01,"Feb 1, 2024",160.166648
2024-02-02,"Feb 2, 2024",159.879245
2024-02-03,"Feb 3, 2024",159.879245
2024-02-04,"Feb 4, 2024",159.879245
2024-02-05,"Feb 5, 2024",160.82123
2024-02-06,"Feb 6, 2024",160.966054
2024-02-07,"Feb 7, 2024",158.719543
2024-02-08,"Feb 8, 2024",159.775223
2024-02-09,"Feb 9, 2024",159.775223
2024-02-10,"Feb 10, 2024",159.775223
2024-02-11,"Feb 11, 2024",159.775223
2024-02-12,"Feb 12, 2024",161.9509
2024-02-13,"Feb 13, 2024",159.405686
2024-02-14,"Feb 14, 2024",161.574075
2024-02-15,"Feb 15, 2024",163.428665
2024-02-16,"Feb 16, 2024",164.044534
2024-02-17,"Feb 17, 2024",164.044534
2024-02-18,"Feb 18, 2024",164.044534
2024-02-19,"Feb 19, 2024",164.030419
2024-02-20,"Feb 20, 2024",163.603844
2024-02-21,"Feb 21, 2024",162.502335
2024-02-22,"Feb 22, 2024",164.018284
2024-02-23,"Feb 23, 2024",165.203886
2024-02-24,"Feb 24, 2024",165.203886
2024-02-25,"Feb 25, 2024",165.203886
2024-02-26,"Feb 26, 2024",166.467361
2024-02-27,"Feb 27, 2024",165.755134
2024-02-28,"Feb 28, 2024",166.965414
2024-02-29,"Feb 29, 2024",167.808198
2024-03-01,"Mar 1, 2024",166.167171
2024-03-02,"Mar 2, 2024",166.167171
2024-03-03,"Mar 3, 2024",166.167171
2024-03-04,"Mar 4, 2024",167.016342
2024-03-05,"Mar 5, 2024",166.854356
2024-03-06,"Mar 6, 2024",167.531851
2024-03-07,"Mar 7, 2024",168.430561
2024-03-08,"Mar 8, 2024",168.504425
2024-03-09,"Mar 9, 2024",168.504425
2024-03-10,"Mar 10, 2024",168.504425
2024-03-11,"Mar 11, 2024",166.206803
2024-03-12,"Mar 12, 2024",167.457451
2024-03-13,"Mar 13, 2024",168.851785
2024-03-14,"Mar 14, 2024",166.796644
2024-03-15,"Mar 15, 2024",168.164373
2024-03-16,"Mar 16, 2024",168.164373
2024-03-17,"Mar 17, 2024",168.164373
2024-03-18,"Mar 18, 2024",168.691109
2024-03-19,"Mar 19, 2024",170.097896
2024-03-20,"Mar 20, 2024",171.669579
2024-03-21,"Mar 21, 2024",176.143994
2024-03-22,"Mar 22, 2024",175.682982
2024-03-23,"Mar 23, 2024",175.682982
2024-03-24,"Mar 24, 2024",175.682982
2024-03-25,"Mar 25, 2024",176.395948
2024-03-26,"Mar 26, 2024",177.19755
2024-03-27,"Mar 27, 2024",177.221726
2024-03-28,"Mar 28, 2024",177.221726
2024-03-29,"Mar 29, 2024",177.221726
2024-03-30,"Mar 30, 2024",177.221726
2024-03-31,"Mar 31, 2024",177.221726
2024-04-01,"Apr 1, 2024",178.955793
2024-04-02,"Apr 2, 2024",177.35287
2024-04-03,"Apr 3, 2024",179.014653
2024-04-04,"Apr 4, 2024",180.773068
2024-04-05,"Apr 5, 2024",178.066623
2024-04-06,"Apr 6, 2024",178.066623
2024-04-07,"Apr 7, 2024",178.066623
2024-04-08,"Apr 8, 2024",179.427376
2024-04-09,"Apr 9, 2024",179.427376
2024-04-10,"Apr 10, 2024",179.427376
2024-04-11,"Apr 11, 2024",175.518637
2024-04-12,"Apr 12, 2024",174.423397
2024-04-13,"Apr 13, 2024",174.423397
2024-04-14,"Apr 14, 2024",174.423397
2024-04-15,"Apr 15, 2024",176.769399
2024-04-16,"Apr 16, 2024",171.731808
2024-04-17,"Apr 17, 2024",174.672236
2024-04-18,"Apr 18, 2024",175.104787
2024-04-19,"Apr 19, 2024",176.96787
2024-04-20,"Apr 20, 2024",176.96787
2024-04-21,"Apr 21, 2024",176.96787
2024-04-22,"Apr 22, 2024",178.226062
2024-04-23,"Apr 23, 2024",180.680179
2024-04-24,"Apr 24, 2024",181.088144
2024-04-25,"Apr 25, 2024",180.101031
2024-04-26,"Apr 26, 2024",182.386677
2024-04-27,"Apr 27, 2024",182.386677
2024-04-28,"Apr 28, 2024",182.386677
2024-04-29,"Apr 29, 2024",181.921998
2024-04-30,"Apr 30, 2024",181.198692
2024-05-01,"May 1, 2024",181.198692
2024-05-02,"May 2, 2024",180.817089
2024-05-03,"May 3, 2024",182.626985
2024-05-04,"May 4, 2024",182.626985
2024-05-05,"May 5, 2024",182.626985
2024-05-06,"May 6, 2024",183.428133
2024-05-07,"May 7, 2024",184.814716
2024-05-08,"May 8, 2024",183.767642
2024-05-09,"May 9, 2024",183.754228
2024-05-10,"May 10, 2024",186.229108
2024-05-11,"May 11, 2024",186.229108
2024-05-12,"May 12, 2024",186.229108
2024-05-13,"May 13, 2024",188.016757
2024-05-14,"May 14, 2024",188.098906
2024-05-15,"May 15, 2024",188.906835
2024-05-16,"May 16, 2024",188.956321
2024-05-17,"May 17, 2024",190.092615
2024-05-18,"May 18, 2024",190.092615
2024-05-19,"May 19, 2024",190.092615
2024-05-20,"May 20, 2024",190.897056
2024-05-21,"May 21, 2024",191.887165
2024-05-22,"May 22, 2024",191.600091
2024-05-23,"May 23, 2024",190.357177
2024-05-24,"May 24, 2024",190.259168
2024-05-25,"May 25, 2024",190.259168
2024-05-26,"May 26, 2024",190.259168
2024-05-27,"May 27, 2024",190.726947
2024-05-28,"May 28, 2024",190.593534
2024-05-29,"May 29, 2024",189.015152
2024-05-30,"May 30, 2024",190.38002
2024-05-31,"May 31, 2024",190.921804
2024-06-01,"Jun 1, 2024",190.921804
2024-06-02,"Jun 2, 2024",190.921804
2024-06-03,"Jun 3, 2024",192.253659
2024-06-04,"Jun 4, 2024",190.00319
2024-06-05,"Jun 5, 2024",189.360129
2024-06-06,"Jun 6, 2024",190.368733
2024-06-07,"Jun 7, 2024",188.787073
2024-06-08,"Jun 8, 2024",188.787073
2024-06-09,"Jun 9, 2024",188.787073
2024-06-10,"Jun 10, 2024",187.888903
2024-06-11,"Jun 11, 2024",185.61184
2024-06-12,"Jun 12, 2024",185.61184
2024-06-13,"Jun 13, 2024",185.300183
2024-06-14,"Jun 14, 2024",182.142768
2024-06-15,"Jun 15, 2024",182.142768
2024-06-16,"Jun 16, 2024",182.142768
2024-06-17,"Jun 17, 2024",182.142768
2024-06-18,"Jun 18, 2024",185.392234
2024-06-19,"Jun 19, 2024",185.710817
2024-06-20,"Jun 20, 2024",186.098808
2024-06-21,"Jun 21, 2024",184.98625
2024-06-22,"Jun 22, 2024",184.98625
2024-06-23,"Jun 23, 2024",184.98625
2024-06-24,"Jun 24, 2024",186.990167
2024-06-25,"Jun 25, 2024",186.353074
2024-06-26,"Jun 26, 2024",185.184368
2024-06-27,"Jun 27, 2024",185.194616
2024-06-28,"Jun 28, 2024",185.669038
2024-06-29,"Jun 29, 2024",185.669038
2024-06-30,"Jun 30, 2024",185.669038
2024-07-01,"Jul 1, 2024",188.012861
2024-07-02,"Jul 2, 2024",187.972065
2024-07-03,"Jul 3, 2024",190.38017
2024-07-04,"Jul 4, 2024",190.86589
2024-07-05,"Jul 5, 2024",189.465391
2024-07-06,"Jul 6, 2024",189.465391
2024-07-07,"Jul 7, 2024",189.465391
2024-07-08,"Jul 8, 2024",190.660612
2024-07-09,"Jul 9, 2024",188.218479
2024-07-10,"Jul 10, 2024",189.485524
2024-07-11,"Jul 11, 2024",191.579893
2024-07-12,"Jul 12, 2024",191.956933
2024-07-13,"Jul 13, 2024",191.956933
2024-07-14,"Jul 14, 2024",191.956933
2024-07-15,"Jul 15, 2024",193.62383
2024-07-16,"Jul 16, 2024",195.165255
2024-07-17,"Jul 17, 2024",196.379272
2024-07-18,"Jul 18, 2024",196.646886
2024-07-19,"Jul 19, 2024",194.542622
2024-07-20,"Jul 20, 2024",194.542622
2024-07-21,"Jul 21, 2024",194.542622
2024-07-22,"Jul 22, 2024",194.388123
2024-07-23,"Jul 23, 2024",195.789106
2024-07-24,"Jul 24, 2024",194.803544
2024-07-25,"Jul 25, 2024",194.803544
2024-07-26,"Jul 26, 2024",194.97131
2024-07-27,"Jul 27, 2024",194.97131
2024-07-28,"Jul 28, 2024",194.97131
2024-07-29,"Jul 29, 2024",195.14424
2024-07-30,"Jul 30, 2024",198.23389
2024-07-31,"Jul 31, 2024",196.629647
2024-08-01,"Aug 1, 2024",194.155739
2024-08-02,"Aug 2, 2024",184.168464
2024-08-03,"Aug 3, 2024",184.168464
2024-08-04,"Aug 4, 2024",184.168464
2024-08-05,"Aug 5, 2024",174.083181
2024-08-06,"Aug 6, 2024",178.224503
2024-08-07,"Aug 7, 2024",181.896086
2024-08-08,"Aug 8, 2024",180.442338
2024-08-09,"Aug 9, 2024",181.474489
2024-08-10,"Aug 10, 2024",181.474489
2024-08-11,"Aug 11, 2024",181.474489
2024-08-12,"Aug 12, 2024",181.905011
2024-08-13,"Aug 13, 2024",181.570328
2024-08-14,"Aug 14, 2024",184.410275
2024-08-15,"Aug 15, 2024",184.2733
2024-08-16,"Aug 16, 2024",190.576326
2024-08-17,"Aug 17, 2024",190.576326
2024-08-18,"Aug 18, 2024",190.576326
2024-08-19,"Aug 19, 2024",190.041444
2024-08-20,"Aug 20, 2024",189.95843
2024-08-21,"Aug 21, 2024",188.784762
2024-08-22,"Aug 22, 2024",188.683316
2024-08-23,"Aug 23, 2024",188.683316
2024-08-24,"Aug 24, 2024",188.683316
2024-08-25,"Aug 25, 2024",188.683316
2024-08-26,"Aug 26, 2024",188.683316
2024-08-27,"Aug 27, 2024",190.442603
2024-08-28,"Aug 28, 2024",190.401851
2024-08-29,"Aug 29, 2024",190.078058
2024-08-30,"Aug 30, 2024",191.515045
2024-08-31,"Aug 31, 2024",191.515045
2024-09-01,"Sep 1, 2024",191.515045
2024-09-02,"Sep 2, 2024",192.58728
2024-09-03,"Sep 3, 2024",191.504081
2024-09-04,"Sep 4, 2024",190.616801
2024-09-05,"Sep 5, 2024",189.468269
2024-09-06,"Sep 6, 2024",187.806631
2024-09-07,"Sep 7, 2024",187.806631
2024-09-08,"Sep 8, 2024",187.806631
2024-09-09,"Sep 9, 2024",187.88176
2024-09-10,"Sep 10, 2024",185.349544
2024-09-11,"Sep 11, 2024",182.189215
2024-09-12,"Sep 12, 2024",184.364412
2024-09-13,"Sep 13, 2024",186.723054
2024-09-14,"Sep 14, 2024",186.723054
2024-09-15,"Sep 15, 2024",186.723054
2024-09-16,"Sep 16, 2024",187.174171
2024-09-17,"Sep 17, 2024",188.134809
2024-09-18,"Sep 18, 2024",188.952156
2024-09-19,"Sep 19, 2024",191.029988
2024-09-20,"Sep 20, 2024",190.732634
2024-09-21,"Sep 21, 2024",190.732634
2024-09-22,"Sep 22, 2024",190.732634
2024-09-23,"Sep 23, 2024",191.853211
2024-09-24,"Sep 24, 2024",192.884155
2024-09-25,"Sep 25, 2024",189.832611
2024-09-26,"Sep 26, 2024",192.081369
2024-09-27,"Sep 27, 2024",193.123542
2024-09-28,"Sep 28, 2024",193.123542
2024-09-29,"Sep 29, 2024",193.123542
2024-09-30,"Sep 30, 2024",191.783041
2024-10-01,"Oct 1, 2024",190.041392
2024-10-02,"Oct 2, 2024",190.021014
2024-10-03,"Oct 3, 2024",188.57961
2024-10-04,"Oct 4, 2024",192.307535
2024-10-05,"Oct 5, 2024",192.307535
2024-10-06,"Oct 6, 2024",192.307535
2024-10-07,"Oct 7, 2024",194.52295
2024-10-08,"Oct 8, 2024",194.584345
2024-10-09,"Oct 9, 2024",195.900628
2024-10-10,"Oct 10, 2024",197.42707
2024-10-11,"Oct 11, 2024",199.735626
2024-10-12,"Oct 12, 2024",199.735626
2024-10-13,"Oct 13, 2024",199.735626
2024-10-14,"Oct 14, 2024",201.607777
2024-10-15,"Oct 15, 2024",204.215959
2024-10-16,"Oct 16, 2024",204.516986
2024-10-17,"Oct 17, 2024",205.964966
2024-10-18,"Oct 18, 2024",204.4023
2024-10-19,"Oct 19, 2024",204.4023
2024-10-20,"Oct 20, 2024",204.4023
2024-10-21,"Oct 21, 2024",203.768132
2024-10-22,"Oct 22, 2024",203.062962
2024-10-23,"Oct 23, 2024",203.165533
2024-10-24,"Oct 24, 2024",203.647873
2024-10-25,"Oct 25, 2024",204.267018
2024-10-26,"Oct 26, 2024",204.267018
2024-10-27,"Oct 27, 2024",204.267018
2024-10-28,"Oct 28, 2024",204.62924
2024-10-29,"Oct 29, 2024",203.87373
2024-10-30,"Oct 30, 2024",205.275898
2024-10-31,"Oct 31, 2024",202.868385
2024-11-01,"Nov 1, 2024",202.868385
2024-11-02,"Nov 2, 2024",202.868385
2024-11-03,"Nov 3, 2024",202.868385
2024-11-04,"Nov 4, 2024",203.39517
2024-11-05,"Nov 5, 2024",204.777951
2024-11-06,"Nov 6, 2024",214.48016
2024-11-07,"Nov 7, 2024",216.409039
2024-11-08,"Nov 8, 2024",212.936727
2024-11-09,"Nov 9, 2024",212.936727
2024-11-10,"Nov 10, 2024",212.936727
2024-11-11,"Nov 11, 2024",217.98916
2024-11-12,"Nov 12, 2024",218.414783
2024-11-13,"Nov 13, 2024",218.398259
2024-11-14,"Nov 14, 2024",218.12412
2024-11-15,"Nov 15, 2024",216.874242
2024-11-16,"Nov 16, 2024",216.874242
2024-11-17,"Nov 17, 2024",216.874242
2024-11-18,"Nov 18, 2024",216.911991
2024-11-19,"Nov 19, 2024",215.103077
2024-11-20,"Nov 20, 2024",215.678691
2024-11-21,"Nov 21, 2024",217.376562
2024-11-22,"Nov 22, 2024",218.489907
2024-11-23,"Nov 23, 2024",218.489907
2024-11-24,"Nov 24, 2024",218.489907
2024-11-25,"Nov 25, 2024",221.980423
2024-11-26,"Nov 26, 2024",221.785041
2024-11-27,"Nov 27, 2024",221.604928
2024-11-28,"Nov 28, 2024",222.555058
2024-11-29,"Nov 29, 2024",222.670774
2024-11-30,"Nov 30, 2024",222.670774
2024-12-01,"Dec 1, 2024",222.670774
2024-12-02,"Dec 2, 2024",222.486336
2024-12-03,"Dec 3, 2024",221.512915
2024-12-04,"Dec 4, 2024",219.288455
2024-12-05,"Dec 5, 2024",219.841736
2024-12-06,"Dec 6, 2024",219.143717
2024-12-07,"Dec 7, 2024",219.143717
2024-12-08,"Dec 8, 2024",219.143717
2024-12-09,"Dec 9, 2024",221.815306
2024-12-10,"Dec 10, 2024",219.272424
2024-12-11,"Dec 11, 2024",218.792229
2024-12-12,"Dec 12, 2024",220.24317
2024-12-13,"Dec 13, 2024",219.693798
2024-12-14,"Dec 14, 2024",219.693798
2024-12-15,"Dec 15, 2024",219.693798
2024-12-16,"Dec 16, 2024",220.775105
2024-12-17,"Dec 17, 2024",220.628574
2024-12-18,"Dec 18, 2024",220.732529
2024-12-19,"Dec 19, 2024",215.105896
2024-12-20,"Dec 20, 2024",211.89004
2024-12-21,"Dec 21, 2024",211.89004
2024-12-22,"Dec 22, 2024",211.89004
2024-12-23,"Dec 23, 2024",211.834659
2024-12-24,"Dec 24, 2024",211.834659
2024-12-25,"Dec 25, 2024",211.834659
2024-12-26,"Dec 26, 2024",210.253082
2024-12-27,"Dec 27, 2024",214.475997
2024-12-28,"Dec 28, 2024",214.475997
2024-12-29,"Dec 29, 2024",214.475997
2024-12-30,"Dec 30, 2024",214.475997
2024-12-31,"Dec 31, 2024",214.475997
2025-01-01,"Jan 1, 2025",214.475997
2025-01-02,"Jan 2, 2025",213.388762
2025-01-03,"Jan 3, 2025",213.492318
2025-01-04,"Jan 4, 2025",213.492318
2025-01-05,"Jan 5, 2025",213.492318
2025-01-06,"Jan 6, 2025",219.42973
2025-01-07,"Jan 7, 2025",217.595301
2025-01-08,"Jan 8, 2025",214.943231
2025-01-09,"Jan 9, 2025",216.623723
2025-01-10,"Jan 10, 2025",212.451989
2025-01-11,"Jan 11, 2025",212.451989
2025-01-12,"Jan 12, 2025",212.451989
2025-01-13,"Jan 13, 2025",211.374568
2025-01-14,"Jan 14, 2025",214.286662
2025-01-15,"Jan 15, 2025",224.265839
2025-01-16,"Jan 16, 2025",223.429769
2025-01-17,"Jan 17, 2025",225.580411
2025-01-18,"Jan 18, 2025",225.580411
2025-01-19,"Jan 19, 2025",225.580411
2025-01-20,"Jan 20, 2025",227.489923
2025-01-21,"Jan 21, 2025",228.155102
2025-01-22,"Jan 22, 2025",229.600284
2025-01-23,"Jan 23, 2025",231.048417
2025-01-24,"Jan 24, 2025",229.611038
2025-01-25,"Jan 25, 2025",229.611038
2025-01-26,"Jan 26, 2025",229.611038
2025-01-27,"Jan 27, 2025",229.933701
2025-01-28,"Jan 28, 2025",228.99497
2025-01-29,"Jan 29, 2025",228.99497
2025-01-30,"Jan 30, 2025",231.022605
2025-01-31,"Jan 31, 2025",232.058763
2025-02-01,"Feb 1, 2025",232.058763
2025-02-02,"Feb 2, 2025",232.058763
2025-02-03,"Feb 3, 2025",225.091669
2025-02-04,"Feb 4, 2025",225.953419
2025-02-05,"Feb 5, 2025",225.009239
2025-02-06,"Feb 6, 2025",229.632012
2025-02-07,"Feb 7, 2025",229.928799
2025-02-08,"Feb 8, 2025",229.928799
2025-02-09,"Feb 9, 2025",229.928799
2025-02-10,"Feb 10, 2025",227.364522
2025-02-11,"Feb 11, 2025",226.354676
2025-02-12,"Feb 12, 2025",227.147623
2025-02-13,"Feb 13, 2025",226.918474
2025-02-14,"Feb 14, 2025",228.273175
2025-02-15,"Feb 15, 2025",228.273175
2025-02-16,"Feb 16, 2025",228.273175
2025-02-17,"Feb 17, 2025",230.272304
2025-02-18,"Feb 18, 2025",231.184649
2025-02-19,"Feb 19, 2025",230.180202
2025-02-20,"Feb 20, 2025",228.450588
2025-02-21,"Feb 21, 2025",227.772114
2025-02-22,"Feb 22, 2025",227.772114
2025-02-23,"Feb 23, 2025",227.772114
2025-02-24,"Feb 24, 2025",223.16093
2025-02-25,"Feb 25, 2025",223.940722
2025-02-26,"Feb 26, 2025",225.560285
2025-02-27,"Feb 27, 2025",223.50564
2025-02-28,"Feb 28, 2025",224.393272
2025-03-01,"Mar 1, 2025",224.393272
2025-03-02,"Mar 2, 2025",224.393272
2025-03-03,"Mar 3, 2025",227.953705
2025-03-04,"Mar 4, 2025",215.645386
2025-03-05,"Mar 5, 2025",218.478356
2025-03-06,"Mar 6, 2025",219.045562
2025-03-07,"Mar 7, 2025",216.731277
2025-03-08,"Mar 8, 2025",216.731277
2025-03-09,"Mar 9, 2025",216.731277
2025-03-10,"Mar 10, 2025",210.73792
2025-03-11,"Mar 11, 2025",206.671225
2025-03-12,"Mar 12, 2025",210.965145
2025-03-13,"Mar 13, 2025",211.320456
2025-03-14,"Mar 14, 2025",213.363628
2025-03-15,"Mar 15, 2025",213.363628
2025-03-16,"Mar 16, 2025",213.363628
2025-03-17,"Mar 17, 2025",215.876714
2025-03-18,"Mar 18, 2025",217.116625
2025-03-19,"Mar 19, 2025",218.099467
2025-03-20,"Mar 20, 2025",219.399789
2025-03-21,"Mar 21, 2025",217.246223
2025-03-22,"Mar 22, 2025",217.246223
2025-03-23,"Mar 23, 2025",217.246223
2025-03-24,"Mar 24, 2025",222.264587
2025-03-25,"Mar 25, 2025",225.007738
2025-03-26,"Mar 26, 2025",225.310992
2025-03-27,"Mar 27, 2025",220.686945
2025-03-28,"Mar 28, 2025",214.305222
2025-03-29,"Mar 29, 2025",214.305222
2025-03-30,"Mar 30, 2025",214.305222
2025-03-31,"Mar 31, 2025",210.086067
2025-04-01,"Apr 1, 2025",210.086067
2025-04-02,"Apr 2, 2025",214.095652
2025-04-03,"Apr 3, 2025",203.807536
2025-04-04,"Apr 4, 2025",187.839005
2025-04-05,"Apr 5, 2025",187.839005
2025-04-06,"Apr 6, 2025",187.839005
2025-04-07,"Apr 7, 2025",184.407439
2025-04-08,"Apr 8, 2025",195.287795
2025-04-09,"Apr 9, 2025",195.287795
2025-04-10,"Apr 10, 2025",195.829097
2025-04-11,"Apr 11, 2025",194.010098
2025-04-12,"Apr 12, 2025",194.010098
2025-04-13,"Apr 13, 2025",194.010098
2025-04-14,"Apr 14, 2025",200.001344
2025-04-15,"Apr 15, 2025",202.843499
2025-04-16,"Apr 16, 2025",199.892079
2025-04-17,"Apr 17, 2025",199.892079
2025-04-18,"Apr 18, 2025",199.892079
2025-04-19,"Apr 19, 2025",199.892079
2025-04-20,"Apr 20, 2025",199.892079
2025-04-21,"Apr 21, 2025",199.387406
2025-04-22,"Apr 22, 2025",199.367553
2025-04-23,"Apr 23, 2025",209.654507
2025-04-24,"Apr 24, 2025",206.824141
2025-04-25,"Apr 25, 2025",208.306434
2025-04-26,"Apr 26, 2025",208.306434
2025-04-27,"Apr 27, 2025",208.306434
2025-04-28,"Apr 28, 2025",210.49849
2025-04-29,"Apr 29, 2025",209.909685
2025-04-30,"Apr 30, 2025",204.497571
2025-05-01,"May 1, 2025",204.497571
2025-05-02,"May 2, 2025",209.997887
2025-05-03,"May 3, 2025",209.997887
2025-05-04,"May 4, 2025",209.997887
2025-05-05,"May 5, 2025",212.625966
2025-05-06,"May 6, 2025",210.073608
2025-05-07,"May 7, 2025",211.061135
2025-05-08,"May 8, 2025",213.977324
2025-05-09,"May 9, 2025",213.547769
2025-05-10,"May 10, 2025",213.547769
2025-05-11,"May 11, 2025",213.547769
2025-05-12,"May 12, 2025",213.547769
2025-05-13,"May 13, 2025",224.649887
2025-05-14,"May 14, 2025",226.138924
2025-05-15,"May 15, 2025",224.948943
2025-05-16,"May 16, 2025",224.840458
2025-05-17,"May 17, 2025",224.840458
2025-05-18,"May 18, 2025",224.840458
2025-05-19,"May 19, 2025",225.114216
2025-05-20,"May 20, 2025",224.954683
2025-05-21,"May 21, 2025",224.054897
2025-05-22,"May 22, 2025",219.155201
2025-05-23,"May 23, 2025",216.495988
2025-05-24,"May 24, 2025",216.495988
2025-05-25,"May 25, 2025",216.495988
2025-05-26,"May 26, 2025",218.974484
2025-05-27,"May 27, 2025",221.325575
2025-05-28,"May 28, 2025",222.01349
2025-05-29,"May 29, 2025",223.006288
2025-05-30,"May 30, 2025",221.221282
2025-05-31,"May 31, 2025",221.221282
2025-06-01,"Jun 1, 2025",221.221282
2025-06-02,"Jun 2, 2025",219.897783
2025-06-03,"Jun 3, 2025",221.268724
2025-06-04,"Jun 4, 2025",224.691015
2025-06-05,"Jun 5, 2025",221.869209
2025-06-06,"Jun 6, 2025",221.869209
2025-06-07,"Jun 7, 2025",221.869209
2025-06-08,"Jun 8, 2025",221.869209
2025-06-09,"Jun 9, 2025",233.100509
2025-06-10,"Jun 10, 2025",234.498174
2025-06-11,"Jun 11, 2025",236.156218
2025-06-12,"Jun 12, 2025",236.156218
2025-06-13,"Jun 13, 2025",230.683845
2025-06-14,"Jun 14, 2025",230.683845
2025-06-15,"Jun 15, 2025",230.683845
2025-06-16,"Jun 16, 2025",239.753463
2025-06-17,"Jun 17, 2025",239.948536
2025-06-18,"Jun 18, 2025",240.04896
2025-06-19,"Jun 19, 2025",244.479308
2025-06-20,"Jun 20, 2025",246.774768
2025-06-21,"Jun 21, 2025",246.774768
2025-06-22,"Jun 22, 2025",246.774768
2025-06-23,"Jun 23, 2025",248.580961
2025-06-24,"Jun 24, 2025",253.183848
2025-06-25,"Jun 25, 2025",249.439574
2025-06-26,"Jun 26, 2025",252.024977
2025-06-27,"Jun 27, 2025",253.579687
2025-06-28,"Jun 28, 2025",253.579687
2025-06-29,"Jun 29, 2025",253.579687
2025-06-30,"Jun 30, 2025",253.97178
2025-07-01,"Jul 1, 2025",253.691101
2025-07-02,"Jul 2, 2025",255.163589
2025-07-03,"Jul 3, 2025",258.458056
2025-07-04,"Jul 4, 2025",258.727046
2025-07-05,"Jul 5, 2025",258.727046
2025-07-06,"Jul 6, 2025",258.727046
